tree
version=v4
num_class=1
num_tree_per_iteration=1
label_index=0
max_feature_idx=25
objective=regression_l1
feature_names=dish_id day_of_week_num is_weekend month day_of_month holiday days_since_start lag_1 lag_2 lag_7 lag_14 lag_21 lag_28 roll_mean_7 roll_mean_14 roll_std_7 roll_max_7 roll_mean_same_dow_4 lag_1_div_roll7 roll7_div_roll14 price promotion price_vs_30d_mean temperature rainfall rain_flag
feature_infos=-1:0:1:2:3:4 -1:0:1:2:3:4:5:6 [0:1] [4:8] [1:31] [0:1] [28:148] [23:140] [23:140] [23:140] [23:140] [23:140] [23:140] [27.857142857142858:105.28571428571429] [28.714285714285715:103.21428571428571] [1.676163419695063:23.901583928386721] [33:140] [25:123.25] [0.58333333333333337:1.4817518248175183] [0.88030888030888022:1.1243042671614101] [45:220] [0:1] none [22.300000000000001:44.899999999999999] [0:34.774135219445306] [0:1]
tree_sizes=615 783 970 982 898 1131 980 1063 1227 1136 1144 1144 1138 1299 1146 1318 1233 1307 1233 1153 1387 1313 1403 1398 1400 1395 1392 1401 1393 1381 1404 1392 1395 1408 1396 1403 1416 1403 1393 1391 1397 1401 1392 1394 1394 1406 1402 1407 1411 1405 1417 1403 1444 1408 1429 1407 1411 1412 1430 1403 1407 1398 1394 1430 1426 1400 1427 1398 1420 1392 1422 1438 1422 1425 1430 1408 1402 1411 1424 1411 1408 1421 1433 1399 1397 1400 1405 1399 1407 1415 1408 1427 1437 1413 1408 1402 1412 1409 1416 1418 1414 1408 1411 1412 1425 1419 1413 1424 1422 1429 1424 1438 1416 1401

Tree=0
num_leaves=6
num_cat=0
split_feature=17 21 7 17 13
split_gain=332.995 21.0628 18.4272 11.3568 2.97125
threshold=45.750000000000007 1.0000000180025095e-35 43.500000000000007 40.625000000000007 45.857142857142868
decision_type=2 2 2 2 2
left_child=1 3 -2 -1 -4
right_child=2 -3 4 -5 -6
leaf_value=44.399999999999999 44.899999999999999 45 45.149999999999999 44.799999999999997 46.924999999999997
leaf_weight=212 21 37 20 21 192
leaf_count=212 21 37 20 21 192
internal_value=44.9986 44.9609 45.0423 44.9553 45.0467
internal_weight=503 270 233 233 212
internal_count=503 270 233 233 212
is_linear=0
shrinkage=1


Tree=1
num_leaves=8
num_cat=0
split_feature=17 7 21 17 13 13 14
split_gain=333.402 16.5569 15.654 7.40829 3.39163 0.397542 0.753376
threshold=45.750000000000007 43.500000000000007 1.0000000180025095e-35 40.375000000000007 45.857142857142868 37.642857142857146 38.892857142857146
decision_type=2 2 2 2 2 2 2
left_child=2 -2 3 5 -3 -1 -7
right_child=1 4 -4 -5 -6 6 -8
leaf_value=-0.62 0.055000000000000077 0.16750000000000009 0 -0.27999999999999992 1.7537500000000001 -0.26999999999999996 -0.46999999999999997
leaf_weight=132 23 22 35 24 204 21 47
leaf_count=132 23 22 35 24 204 21 47
internal_value=0.00137525 0.0426 -0.0382692 -0.0431111 0.046696 -0.0462687 -0.0405797
internal_weight=508 249 259 224 226 200 68
internal_count=508 249 259 224 226 200 68
is_linear=0
shrinkage=0.05


Tree=2
num_leaves=10
num_cat=0
split_feature=17 8 12 17 10 7 7 17 10
split_gain=320.414 20.74 10.64 5.69708 4.68092 4.59952 4.32217 1.02737 1.43415
threshold=43.875000000000007 38.500000000000007 44.500000000000007 56.875000000000007 36.500000000000007 35.500000000000007 39.500000000000007 53.875000000000007 47.500000000000007
decision_type=2 2 2 2 2 2 2 2 2
left_child=2 -2 4 7 -1 -6 -7 8 -3
right_child=1 3 -4 -5 5 6 -8 -9 -10
leaf_value=-0.54275000000000007 -0.050000000000000003 0.16818750000000016 -0.056499999999999773 1.9160625000000004 -0.43900000000000006 -0.089000000000000065 -0.35649999999999982 0.46606250000000032 0.23412500000000025
leaf_weight=140 21 20 21 170 33 21 35 21 25
leaf_count=140 21 20 21 170 33 21 35 21 25
internal_value=0.00137795 0.0405039 -0.0388446 0.0447257 -0.0419565 -0.0322222 -0.022807 0.0313433 0.0358696
internal_weight=507 257 250 236 229 89 56 66 45
internal_count=507 257 250 236 229 89 56 66 45
is_linear=0
shrinkage=0.05


Tree=3
num_leaves=10
num_cat=0
split_feature=17 21 7 17 11 18 7 13 15
split_gain=290.569 20.4259 17.1052 7.07437 3.31235 2.25595 1.76925 2.78137 0.0190234
threshold=45.750000000000007 1.0000000180025095e-35 48.500000000000007 40.375000000000007 63.500000000000007 1.1440998204130504 39.500000000000007 39.642857142857146 6.1624143628986845
decision_type=2 2 2 2 2 2 2 2 2
left_child=1 3 -2 6 5 -4 8 -8 -1
right_child=2 -3 4 -5 -6 -7 7 -9 -10
leaf_value=-0.6118625000000002 0.065035937500000252 -0.012612500000000006 0.52025937500000019 -0.20817499999999997 1.9202593750000003 0.17952187500000019 -0.22492500000000018 -0.3193625000000001 -0.49580000000000002
leaf_weight=118 32 34 39 23 151 20 26 33 20
leaf_count=118 32 34 39 23 151 20 26 33 20
internal_value=0.00120724 -0.0360784 0.0403292 -0.041629 0.0454976 0.0341667 -0.044697 -0.0358333 -0.0482014
internal_weight=496 254 242 220 210 59 197 59 138
internal_count=496 254 242 220 210 59 197 59 138
is_linear=0
shrinkage=0.05


Tree=4
num_leaves=9
num_cat=0
split_feature=12 10 21 9 10 7 13 9
split_gain=296.22 21.8863 21.8687 6.73305 4.78069 2.82888 3.32021 0.00732606
threshold=45.500000000000007 53.500000000000007 1.0000000180025095e-35 44.500000000000007 45.500000000000007 39.500000000000007 39.642857142857146 57.500000000000007
decision_type=2 2 2 2 2 2 2 2
left_child=2 4 3 5 -2 -1 -7 -3
right_child=1 7 -4 -5 -6 6 -8 -9
leaf_value=-0.54636312499999995 -0.11556304687499992 0.29538015625000041 -0.011169374999999883 -0.21551335937499996 0.19058882812500003 -0.2115100000000002 -0.35339437500000026 1.7742464062500003
leaf_weight=144 24 21 36 24 33 28 32 163
leaf_count=144 24 21 36 24 33 28 32 163
internal_value=0.000296443 0.0402893 -0.0362264 -0.0419214 0.012931 -0.044878 -0.0344262 0.0486486
internal_weight=505 241 264 228 57 204 60 184
internal_count=505 241 264 228 57 204 60 184
is_linear=0
shrinkage=0.05


Tree=5
num_leaves=12
num_cat=0
split_feature=17 17 13 7 7 11 7 10 18 13 11
split_gain=293.999 15.9336 14.3939 13.3058 6.25549 5.14496 3.62572 2.94667 2.52935 2.51213 0.411383
threshold=45.750000000000007 40.625000000000007 40.642857142857146 43.500000000000007 37.500000000000007 61.500000000000007 43.500000000000007 34.500000000000007 1.1440998204130504 37.642857142857146 53.500000000000007
decision_type=2 2 2 2 2 2 2 2 2 2 2
left_child=1 4 -3 -2 9 8 7 -6 10 -1 -5
right_child=3 2 -4 5 6 -7 -8 -9 -10 -11 -12
leaf_value=-0.5539512187500002 0.046366980468750187 -0.19436090624999985 0.17351299804687523 0.33596213476562514 -0.38074598437500012 1.6855340859375003 -0.31692996484375002 -0.20395121875000016 0.13323949609375027 -0.36725434374999999 0.55553408593750009
leaf_weight=120 21 21 20 24 20 158 36 29 21 27 21
leaf_count=120 21 21 20 24 20 158 36 29 21 27 21
internal_value=0.000770713 -0.034854 -0.00595238 0.0404472 -0.0399142 0.044 -0.0284884 -0.019 0.0313433 -0.0462838 0.0380435
internal_weight=518 273 41 245 232 224 85 49 66 147 45
internal_count=518 273 41 245 232 224 85 49 66 147 45
is_linear=0
shrinkage=0.05


Tree=6
num_leaves=10
num_cat=0
split_feature=12 21 7 19 17 7 13 17 9
split_gain=280.407 26.1422 24.9733 7.37963 4.91768 2.1661 4.62207 1.90983 0.441683
threshold=45.500000000000007 1.0000000180025095e-35 55.500000000000007 1.0205074702510935 40.625000000000007 39.500000000000007 39.642857142857146 56.875000000000007 37.500000000000007
decision_type=2 2 2 2 2 2 2 2 2
left_child=1 4 3 -2 5 8 -7 -4 -1
right_child=2 -3 7 -5 -6 6 -8 -9 -10
leaf_value=-0.52625365781250011 -0.0247993058593746 0.008096896875000148 0.38788735234375038 0.18153864506835957 -0.22747270468750039 -0.23915568906250045 -0.2960847087890624 1.5512573816406254 -0.37625365781250014
leaf_weight=127 37 32 22 30 23 25 37 158 27
leaf_count=127 37 32 22 30 23 25 37 158 27
internal_value=-0.00115607 -0.0362132 0.0372984 0.0110294 -0.041875 -0.0442396 -0.0349206 0.0469613 -0.0477419
internal_weight=518 271 247 67 239 216 62 180 154
internal_count=518 271 247 67 239 216 62 180 154
is_linear=0
shrinkage=0.05


Tree=7
num_leaves=11
num_cat=0
split_feature=17 21 9 24 12 24 6 13 19 4
split_gain=278.366 25.7815 18.3835 37.5317 5.44107 3.84316 5.59593 4.12152 3.30851 0.238936
threshold=45.750000000000007 1.0000000180025095e-35 67.500000000000014 1.0000000180025095e-35 35.500000000000007 6.4908171041072009 60.500000000000007 37.785714285714292 0.97993109003042789 16.500000000000004
decision_type=2 2 2 2 2 2 2 2 2 2
left_child=1 4 3 8 -1 6 -6 -8 -2 -10
right_child=2 -3 -4 -5 5 -7 7 -9 9 -11
leaf_value=-0.47791885197265621 0.21992887178710971 0.00043180984375013054 1.673694512558594 -0.16620770003906227 -0.055073922568359635 -0.55369097492187513 -0.31966372111328134 -0.16132764108276376 0.25455480601562536 0.45019451255859377
leaf_weight=136 20 39 153 22 21 24 24 30 23 35
leaf_count=136 20 39 153 22 21 24 24 30 23 35
internal_value=0.00104167 -0.0338182 0.0387795 0.0217822 -0.0400424 -0.0305 -0.0243421 -0.0327273 0.0379747 0.0440678
internal_weight=527 274 253 100 235 99 75 54 78 58
internal_count=527 274 253 100 235 99 75 54 78 58
is_linear=0
shrinkage=0.05


Tree=8
num_leaves=13
num_cat=0
split_feature=17 21 7 17 13 17 6 19 17 19 14 14
split_gain=239.951 25.1828 21.452 10.7007 6.61905 4.36447 5.63386 4.2656 3.64594 1.22158 1.73538 0.388943
threshold=46.625000000000007 1.0000000180025095e-35 55.500000000000007 41.000000000000007 39.214285714285722 35.375000000000007 56.500000000000007 0.98767207288780645 56.875000000000007 0.9878401689843338 38.107142857142868 38.607142857142868
decision_type=2 2 2 2 2 2 2 2 2 2 2 2
left_child=1 3 7 5 -3 11 -7 -2 -4 -8 -11 -1
right_child=2 4 8 -5 -6 6 9 -9 -10 10 -12 -13
leaf_value=-0.52604503232324229 -0.041427386206542849 -0.093304538460937544 0.25891502762890611 -0.10635740021148657 0.094587008511718557 -0.15329729584399399 -0.40037987607324266 0.14018772970410148 1.4637382795942384 -0.18395778886621095 -0.28117797996972699 -0.26874901024197423
leaf_weight=85 26 20 21 21 21 22 25 31 164 25 27 26
leaf_count=85 26 20 21 21 21 22 25 31 164 25 27 26
internal_value=0.00213592 -0.0300366 0.0382716 -0.0364224 0.00595238 -0.0398104 -0.0315 0.0112069 0.0465054 -0.0378205 -0.0320755 -0.046875
internal_weight=514 272 242 231 41 210 99 57 185 77 52 111
internal_count=514 272 242 231 41 210 99 57 185 77 52 111
is_linear=0
shrinkage=0.05


Tree=9
num_leaves=12
num_cat=0
split_feature=12 7 10 21 9 12 15 17 23 4 7
split_gain=254.369 20.315 16.9828 11.3581 7.42756 5.12251 2.0425 1.54072 1.55771 0.729446 1.0504
threshold=48.500000000000007 49.500000000000007 47.500000000000007 1.0000000180025095e-35 41.500000000000007 65.500000000000014 15.303265388234022 33.625000000000007 39.350000000000001 15.500000000000002 38.500000000000007
decision_type=2 2 2 2 2 2 2 2 2 2 2
left_child=2 -2 3 4 7 6 -3 -1 9 -9 -11
right_child=1 5 -4 -5 -6 -7 -8 8 -10 10 -12
leaf_value=-0.49974278070708034 0.037065674534651372 0.30641431240407724 0.037095930649609345 -0.067029069350391171 -0.17274033557749002 1.5668228729509524 0.23814004043172618 -0.37662629506254891 -0.18954278308927625 -0.27750909234214999 -0.25442038527550076
leaf_weight=89 34 30 27 27 35 147 22 35 20 22 21
leaf_count=89 34 30 27 27 35 147 22 35 20 22 21
internal_value=0.000294118 0.0386752 -0.03213 -0.0362 -0.0399103 0.04475 0.0301887 -0.043883 -0.0383838 -0.0417722 -0.0352273
internal_weight=509 233 276 249 222 199 52 187 98 78 43
internal_count=509 233 276 249 222 199 52 187 98 78 43
is_linear=0
shrinkage=0.05


Tree=10
num_leaves=12
num_cat=0
split_feature=17 9 17 24 6 13 6 4 9 13 18
split_gain=265.067 23.1043 8.47986 5.34404 7.99055 4.85296 6.27449 3.49195 2.90714 1.71843 1.29152
threshold=42.250000000000007 67.500000000000014 33.625000000000007 1.0000000180025095e-35 52.500000000000007 41.214285714285722 101.50000000000001 20.500000000000004 50.500000000000007 37.785714285714292 0.93036099137931039
decision_type=2 2 2 2 2 2 2 2 2 2 2
left_child=2 5 -1 4 -4 -2 8 9 -7 -6 -10
right_child=1 -3 3 -5 7 6 -8 -9 10 -11 -12
leaf_value=-0.47475564167172629 -0.015123029456517402 1.4384817293034047 0.014454821865392554 -0.50821610676647422 -0.28835177829735326 0.27394517542948799 0.035212390807918763 -0.13587655955664743 0.35194682856894599 -0.25325474046130697 0.14994169836742746
leaf_weight=91 21 137 20 37 32 23 38 33 20 26 20
leaf_count=91 21 137 20 37 32 23 38 33 20 26 20
internal_value=0.000601202 0.0355769 -0.0372917 -0.0295302 -0.0236607 0.0195122 0.0240196 -0.0298913 0.0335937 -0.0372881 0.0243902
internal_weight=498 259 239 148 111 122 101 91 63 58 40
internal_count=498 259 239 148 111 122 101 91 63 58 40
is_linear=0
shrinkage=0.05


Tree=11
num_leaves=12
num_cat=0
split_feature=17 21 17 17 24 19 7 23 17 6 18
split_gain=242.415 22.46 18.8196 12.034 8.97791 6.77489 6.49621 6.99881 5.2854 4.78901 1.45076
threshold=46.625000000000007 1.0000000180025095e-35 70.375000000000014 35.375000000000007 1.0000000180025095e-35 1.0054625785519196 50.500000000000007 28.200000000000006 40.125000000000007 68.500000000000014 1.057791782615813
decision_type=2 2 2 2 2 2 2 2 2 2 2
left_child=1 3 6 -1 8 -3 -2 -8 9 -5 -11
right_child=2 5 -4 4 -6 -7 7 -9 -10 10 -12
leaf_value=-0.40101785958813996 0.0015972648253448796 -0.095135026968003453 1.4165576428382345 -0.044800735595438117 -0.47101858887688108 0.083231484866608876 0.17125368603253222 0.24969524206629254 0.034787501323386219 -0.25161511289845961 -0.15145458973954221
leaf_weight=117 28 21 144 25 30 20 20 39 22 21 23
leaf_count=117 28 21 144 25 30 20 20 39 22 21 23
internal_value=0.000782779 -0.0305357 0.0385776 -0.0364017 -0.025 0.00357143 0.0198864 0.0291667 -0.0168478 -0.0235714 -0.0333333
internal_weight=510 279 231 238 121 41 87 59 91 69 44
internal_count=510 279 231 238 121 41 87 59 91 69 44
is_linear=0
shrinkage=0.05


Tree=12
num_leaves=12
num_cat=0
split_feature=17 17 17 24 23 9 18 23 7 14 8
split_gain=228.576 23.1897 17.1766 12.3612 7.01978 8.68731 6.03136 4.36919 4.0202 3.24749 3.34495
threshold=46.625000000000007 70.375000000000014 33.625000000000007 1.0000000180025095e-35 36.95000000000001 41.500000000000007 1.0086986209865365 28.200000000000006 37.500000000000007 65.285714285714292 48.500000000000007
decision_type=2 2 2 2 2 2 2 2 2 2 2
left_child=2 7 -1 4 5 8 -6 -2 -4 10 -9
right_child=1 -3 3 -5 6 -7 -8 9 -10 -11 -12
leaf_value=-0.43096696660873307 0.011540805897512741 1.2957297606963232 -0.22971313130907217 -0.46484165023978791 0.052567097318060266 0.01362717077091169 -0.087344948422412125 0.11367260837587079 -0.15661089967967998 0.21066671360557054 0.078812276079109553
leaf_weight=93 31 143 30 33 21 22 26 20 37 27 20
leaf_count=93 31 143 30 33 21 22 26 20 37 27 20
internal_value=0.00109127 0.036157 -0.0311787 -0.0214706 -0.0145985 -0.0227778 0.00104167 0.0171717 -0.0316176 0.0242647 0.0146341
internal_weight=503 241 262 169 136 89 47 98 67 67 40
internal_count=503 241 262 169 136 89 47 98 67 67 40
is_linear=0
shrinkage=0.05


Tree=13
num_leaves=14
num_cat=0
split_feature=7 17 24 13 17 11 24 6 13 6 7 9 17
split_gain=240.806 33.0376 16.8663 11.2687 11.1365 8.10372 6.34238 10.0455 5.25108 2.9619 2.42247 2.25129 1.48632
threshold=55.500000000000007 40.625000000000007 1.0000000180025095e-35 40.357142857142868 33.625000000000007 65.500000000000014 6.9751272838865601 68.500000000000014 37.928571428571438 95.500000000000014 65.500000000000014 38.500000000000007 36.125000000000007
decision_type=2 2 2 2 2 2 2 2 2 2 2 2 2
left_child=1 4 3 -3 -1 10 7 8 -6 -5 -2 12 -9
right_child=5 2 -4 9 6 -7 -8 11 -10 -11 -12 -13 -14
leaf_value=-0.40941861827829629 0.34003312141521608 -0.08261535287916999 -0.19213053368239735 0.17761623670132992 0.040333565085908067 1.2559432726615072 -0.44467255119106713 -0.18030489575189146 -0.07867349502181363 0.034075889835492035 0.20013337792529207 -0.12163645074841636 -0.23002420461758391
leaf_weight=90 23 22 27 29 21 154 27 29 20 20 21 22 23
leaf_count=90 23 22 27 29 21 154 27 29 20 20 21 22 23
internal_value=0.000756144 -0.0253776 -0.0010101 0.0118056 -0.0356223 0.0442211 -0.0265734 -0.0211207 -0.00119048 0.025 0.0244444 -0.032 -0.0377358
internal_weight=528 330 98 71 232 198 142 115 41 49 44 74 52
internal_count=528 330 98 71 232 198 142 115 41 49 44 74 52
is_linear=0
shrinkage=0.05


Tree=14
num_leaves=12
num_cat=0
split_feature=17 7 17 17 21 7 17 7 8 14 6
split_gain=240.056 29.6675 14.3516 7.12292 4.47414 3.09401 2.98751 2.80856 2.13588 1.72646 1.4986
threshold=45.750000000000007 55.500000000000007 35.375000000000007 47.625000000000007 1.0000000180025095e-35 37.500000000000007 59.125000000000007 42.500000000000007 49.500000000000007 39.321428571428577 103.50000000000001
decision_type=2 2 2 2 2 2 2 2 2 2 2
left_child=2 3 9 -2 5 10 -3 -7 -5 -1 -4
right_child=1 6 4 8 -6 7 -8 -9 -10 -11 -12
leaf_value=-0.34686044390735021 0.16494752336022067 0.2166704753864348 -0.21852299438670464 -0.094810961635111296 -0.030037618927991616 -0.10559749716695316 1.1431461090284316 -0.18052970813636443 0.017768488272764671 -0.17128965096429705 -0.19676242650023285
leaf_weight=99 20 29 33 22 29 25 154 37 20 23 20
leaf_count=99 20 29 33 22 29 25 154 37 20 23 20
internal_value=-0.000878906 0.0347561 -0.0337079 0.0047619 -0.0227586 -0.0271552 0.044837 -0.0190476 -0.00697674 -0.0463415 -0.0361111
internal_weight=511 245 266 62 144 115 183 62 42 122 53
internal_count=511 245 266 62 144 115 183 62 42 122 53
is_linear=0
shrinkage=0.05


Tree=15
num_leaves=14
num_cat=0
split_feature=17 17 24 17 21 23 10 14 8 13 6 12 6
split_gain=196.317 24.6905 34.0217 21.293 9.91055 7.31997 5.06468 1.93939 3.39037 1.55558 1.40881 1.30303 0.895028
threshold=45.750000000000007 78.375000000000014 1.0000000180025095e-35 34.375000000000007 1.0000000180025095e-35 32.350000000000001 52.500000000000007 37.321428571428577 44.500000000000007 64.571428571428598 123.50000000000001 36.500000000000007 45.500000000000007
decision_type=2 2 2 2 2 2 2 2 2 2 2 2 2
left_child=3 2 6 12 5 10 -2 -7 -9 -8 11 -5 -1
right_child=1 -3 -4 4 -6 7 9 8 -10 -11 -12 -13 -14
leaf_value=-0.23400813905600659 0.13150601973758178 1.1609888035770097 -0.12648998434739997 -0.27874855121107844 0.022861334465409302 -0.037159377889263115 0.13750077013945267 -0.24338019238458594 -0.03032922921114363 0.39553528378229824 -0.15026863273201807 -0.094495675070765561 -0.37160466516901391
leaf_weight=20 36 115 24 21 34 20 26 33 21 40 22 20 88
leaf_count=20 36 115 24 21 34 20 26 33 21 40 22 20 88
internal_value=-0.000959693 0.0320248 0.0165354 -0.0294643 -0.018314 -0.0242754 0.0291262 -0.0133333 -0.0181818 0.0373134 -0.0367188 -0.0297619 -0.046789
internal_weight=520 241 126 279 171 137 102 74 54 66 63 41 108
internal_count=520 241 126 279 171 137 102 74 54 66 63 41 108
is_linear=0
shrinkage=0.05


Tree=16
num_leaves=13
num_cat=0
split_feature=17 17 25 17 25 6 19 15 11 9 18 6
split_gain=185.808 28.8264 32.1844 18.5185 8.40712 12.7799 3.93156 3.87359 3.93424 3.6031 2.75364 0.808956
threshold=46.625000000000007 78.375000000000014 1.0000000180025095e-35 33.625000000000007 1.0000000180025095e-35 75.500000000000014 0.9878401689843338 9.1417317280470112 63.500000000000007 39.500000000000007 0.97549227435462604 56.500000000000007
decision_type=2 2 2 2 2 2 2 2 2 2 2 2
left_child=3 2 7 11 5 10 -7 -2 -9 -8 -5 -1
right_child=1 -3 -4 4 -6 6 9 8 -10 -11 -12 -13
leaf_value=-0.22230773210320615 0.044643559128752133 1.1529393633981593 -0.11430516026548682 0.033696938347808826 -0.36352289493272461 -0.18965377840741945 -0.13382835611456123 0.30094977408950963 0.38458888772278571 0.0064968971921622659 -0.056596279426130464 -0.36390469104142265
leaf_weight=20 29 127 22 29 39 32 28 39 21 20 36 70
leaf_count=20 29 127 22 29 39 32 28 39 21 20 36 70
internal_value=0.000389864 0.032636 0.0138393 -0.0276364 -0.0183784 -0.0126712 -0.0259259 0.0272222 0.0344262 -0.0163265 0.00378788 -0.0461538
internal_weight=512 238 111 274 184 145 80 89 60 48 65 90
internal_count=512 238 111 274 184 145 80 89 60 48 65 90
is_linear=0
shrinkage=0.05


Tree=17
num_leaves=14
num_cat=0
split_feature=17 24 17 21 10 6 12 10 19 10 3 17 4
split_gain=186.135 29.1633 34.2609 15.8437 10.8013 8.58512 7.07838 3.20594 1.99432 1.2967 3.77336 0.624131 1.22606
threshold=42.250000000000007 1.0000000180025095e-35 82.250000000000014 1.0000000180025095e-35 50.500000000000007 75.500000000000014 33.500000000000007 43.500000000000007 1.006635094935316 74.500000000000014 6.5000000000000009 34.625000000000007 15.500000000000002
decision_type=2 2 2 2 2 2 2 2 2 2 2 2 2
left_child=3 4 -3 5 7 6 -1 -2 -8 10 -6 -7 -13
right_child=1 2 -4 -5 9 11 8 -9 -10 -11 -12 12 -14
leaf_value=-0.30271281065076699 0.15078890029099234 -0.1396676501707825 0.6452923952282511 0.02865269805985218 0.35290306702089502 -0.35140221562021101 -0.00455443769425159 0.076239441966543364 -0.11539619584500826 1.0952923952282512 0.13145464000739474 -0.25532843473015349 -0.13464592680256615
leaf_weight=38 23 32 25 22 40 71 26 30 21 96 24 31 29
leaf_count=38 23 32 25 22 40 71 26 30 21 96 24 31 29
internal_value=0.000785855 0.0291513 -0.00258621 -0.0313808 0.0376168 -0.0354839 -0.0226744 0.0175926 -0.009375 0.0440994 0.0369231 -0.0435606 -0.0377049
internal_weight=508 270 57 238 213 216 85 53 47 160 64 131 60
internal_count=508 270 57 238 213 216 85 53 47 160 64 131 60
is_linear=0
shrinkage=0.05


Tree=18
num_leaves=13
num_cat=0
split_feature=12 21 10 17 25 23 7 11 23 6 7 25
split_gain=203.808 20.7904 19.9413 11.3123 6.4314 10.729 4.63225 6.37121 4.53108 2.30898 1.89836 1.32936
threshold=48.500000000000007 1.0000000180025095e-35 69.500000000000014 37.125000000000007 1.0000000180025095e-35 32.550000000000004 43.500000000000007 63.500000000000007 39.350000000000001 71.500000000000014 39.500000000000007 1.0000000180025095e-35
decision_type=2 2 2 2 2 2 2 2 2 2 2 2
left_child=1 3 6 8 5 -5 -2 9 10 -8 -1 -4
right_child=2 -3 11 4 -6 -7 7 -9 -10 -11 -12 -13
leaf_value=-0.31347048043002029 -0.020624750701025187 0.028200119332091236 1.0655277754668384 -0.11221361104589889 -0.29838093546359268 0.049420765065194064 0.12258165754528161 0.008391553037489707 -0.12619215426876168 0.21613458037632471 -0.16680991426038894 0.81302777546683846
leaf_weight=105 22 35 114 31 31 37 20 22 26 23 22 25
leaf_count=105 22 35 114 31 31 37 20 22 26 23 22 25
internal_value=-0.00107004 -0.0289931 0.0343612 -0.0339921 -0.0205 -0.0115942 0.0153409 0.0219697 -0.0425325 0.0329545 -0.0464844 0.0460714
internal_weight=513 287 226 252 99 68 87 65 153 43 127 139
internal_count=513 287 226 252 99 68 87 65 153 43 127 139
is_linear=0
shrinkage=0.05


Tree=19
num_leaves=12
num_cat=0
split_feature=7 13 24 18 2 24 4 10 13 15 11
split_gain=185.029 23.9459 18.9825 10.2079 9.76529 7.89251 6.6706 4.23133 3.89015 2.40966 1.85592
threshold=55.500000000000007 39.928571428571438 6.9751272838865601 0.84994246673858342 1.0000000180025095e-35 7.5188644930363164 24.500000000000004 63.500000000000007 35.357142857142868 5.7486998905956295 38.500000000000007
decision_type=2 2 2 2 2 2 2 2 2 2 2
left_child=1 6 3 -3 -5 7 8 -2 10 -10 -1
right_child=5 2 -4 4 -6 -7 -8 -9 9 -11 -12
leaf_value=-0.30402003280445272 0.14256081635366122 0.18492715968061957 -0.22351885051831319 -0.13579398738148107 0.045415254700190394 0.39200038782847246 -0.079568194858965671 0.98725138669349666 -0.13644831477132727 -0.22929817222415388 -0.18789925142774458
leaf_weight=81 35 22 27 36 37 28 35 131 29 36 25
leaf_count=81 35 22 27 36 37 28 35 131 29 36 25
internal_value=0.000382409 -0.0224924 -0.00487805 0.00572917 -0.00337838 0.0389744 -0.0328502 0.0431138 -0.0369186 -0.0265152 -0.0429907
internal_weight=522 328 122 95 73 194 206 166 171 65 106
internal_count=522 328 122 95 73 194 206 166 171 65 106
is_linear=0
shrinkage=0.05


Tree=20
num_leaves=15
num_cat=0
split_feature=12 17 24 12 10 23 24 23 18 18 4 10 4 4
split_gain=153.894 27.4316 24.3607 16.8043 9.40673 9.11338 8.8304 8.66657 5.6491 3.7457 3.64424 2.85417 1.76747 1.70303
threshold=45.500000000000007 84.875000000000014 6.9751272838865601 33.500000000000007 52.500000000000007 32.250000000000007 6.9751272838865601 30.850000000000005 0.90175488793514547 1.0673555541553779 20.500000000000004 35.500000000000007 11.500000000000002 6.5000000000000009
decision_type=2 2 2 2 2 2 2 2 2 2 2 2 2 2
left_child=3 2 4 13 5 -2 7 11 -9 -10 12 -5 -6 -1
right_child=1 -3 -4 6 10 -7 -8 8 9 -11 -12 -13 -14 -15
leaf_value=-0.25744273408547597 -0.041778580535110167 1.0878888173588217 -0.090318419533442024 -0.15367065489406573 0.17500828376918989 0.17492987502881691 -0.29311386587790372 0.051151251902421535 -0.15735218749925686 0.0057508275607220938 0.35153329147791901 -0.068465095629079542 0.11227171885731001 -0.31760137380374154
leaf_weight=26 24 92 28 24 23 26 29 21 29 30 28 23 30 81
leaf_count=26 24 92 28 24 23 26 29 21 29 30 28 23 30 81
internal_value=-0.00116505 0.0267857 0.0140625 -0.0278409 0.0231061 0.00588235 -0.0171975 -0.0113281 -0.00123457 -0.00916667 0.0335366 -0.028125 0.025 -0.0430556
internal_weight=514 251 159 263 131 50 156 127 80 59 81 47 53 107
internal_count=514 251 159 263 131 50 156 127 80 59 81 47 53 107
is_linear=0
shrinkage=0.05


Tree=21
num_leaves=14
num_cat=0
split_feature=17 17 24 21 23 12 9 10 15 23 4 11 18
split_gain=155.397 27.0827 27.5388 13.09 9.30512 7.20444 5.88985 5.41873 2.6891 4.4638 2.24237 1.24331 0.578439
threshold=42.875000000000007 84.875000000000014 1.0000000180025095e-35 1.0000000180025095e-35 36.95000000000001 35.500000000000007 39.500000000000007 48.500000000000007 9.3401335771012928 26.450000000000003 14.500000000000002 36.500000000000007 0.923169191919192
decision_type=2 2 2 2 2 2 2 2 2 2 2 2 2
left_child=3 2 7 4 6 10 11 -2 -9 -10 -6 -1 -3
right_child=1 12 -4 -5 5 -7 -8 8 9 -11 -12 -13 -14
leaf_value=-0.27569199222557117 0.02953498702542863 0.84838192643413213 -0.096679163843359464 0.061960743166118527 -0.11633809889232793 -0.051903041298155553 -0.094839279816176791 0.099917550994984339 0.061783487484310132 0.42044594768137405 -0.29430997092007943 -0.15592376119670634 1.1334943764908807
leaf_weight=85 38 23 32 20 24 38 20 23 20 50 22 33 79
leaf_count=85 38 23 32 20 24 38 20 23 20 50 22 33 79
internal_value=9.84252e-05 0.0265038 0.0137195 -0.0288066 -0.032287 -0.0188235 -0.0402878 0.0238636 0.0303191 0.0352113 -0.0319149 -0.0445378 0.0466019
internal_weight=507 265 163 242 222 84 138 131 93 70 46 118 102
internal_count=507 265 163 242 222 84 138 131 93 70 46 118 102
is_linear=0
shrinkage=0.05


Tree=22
num_leaves=15
num_cat=0
split_feature=7 7 13 11 24 11 19 18 19 6 19 18 23 10
split_gain=148.372 26.4391 14.1605 12.7179 11.0797 8.102 8.39627 6.13728 4.37606 3.04809 4.00317 2.62024 1.33929 1.03192
threshold=55.500000000000007 32.500000000000007 34.357142857142868 68.500000000000014 1.0000000180025095e-35 31.500000000000004 0.96504801655977468 0.84994246673858342 1.0224747474747475 70.500000000000014 1.0194438082149948 0.83715567742739638 31.750000000000004 38.500000000000007
decision_type=2 2 2 2 2 2 2 2 2 2 2 2 2 2
left_child=1 13 12 8 5 -4 -7 -8 -2 -9 -11 -5 -3 -1
right_child=3 2 4 11 -6 6 7 9 -10 10 -12 -13 -14 -15
leaf_value=-0.28700580656755043 0.13261629920701418 -0.25557415472536288 -0.087817970418058527 0.41607528016917428 -0.31025446145509594 -0.085988525080927414 0.19263615985910507 0.047444231917153884 -0.0056307735726747413 0.037291695834264262 -0.034650180752714733 0.87681965766633641 -0.14812757313687117 -0.12320645773254278
leaf_weight=65 27 20 23 20 34 25 21 26 25 23 39 119 23 24
leaf_count=65 27 20 23 20 34 25 21 26 25 23 39 119 23 24
internal_value=-0.000194175 -0.0208333 -0.0119149 0.0346354 -0.00598958 -0.000316456 0.00444444 0.0104545 0.0132075 0.00449438 -0.0015873 0.0425 -0.0375 -0.0438889
internal_weight=514 323 234 191 191 157 134 109 52 88 62 139 43 89
internal_count=514 323 234 191 191 157 134 109 52 88 62 139 43 89
is_linear=0
shrinkage=0.05


Tree=23
num_leaves=15
num_cat=1
split_feature=7 7 1 9 19 18 23 19 9 18 6 7 4 11
split_gain=142.421 21.0262 16.8854 16.3119 7.80276 7.2273 6.88495 6.18856 4.35153 3.57365 3.17865 1.99422 1.12428 1.06061
threshold=55.500000000000007 32.500000000000007 0 76.500000000000014 0.99773431564210047 1.055940077747227 39.250000000000007 1.0446949149789684 42.500000000000007 1.0633816614420064 73.500000000000014 63.500000000000007 15.500000000000002 42.500000000000007
decision_type=2 2 1 2 2 2 2 2 2 2 2 2 2 2
left_child=1 10 4 9 8 13 7 12 -3 11 -1 -2 -4 -6
right_child=3 2 6 -5 5 -7 -8 -9 -10 -11 -12 -13 -14 -15
leaf_value=-0.11746698065011536 0.25941712621054214 -0.026065992584066857 -0.22806730141690645 0.82554117478301992 0.030283888660294522 -0.031663128704885683 -0.050314789742526858 -0.079978506367483077 -0.12927784553739166 0.015368176590485306 -0.24699428448329996 0.21477062267702679 -0.11376049266879314 0.079245562720117679
leaf_weight=29 22 24 36 110 21 36 27 20 22 29 68 25 30 20
leaf_count=29 22 24 36 110 21 36 27 20 22 29 68 25 30 20
internal_value=-0.00125 -0.0208084 -0.0126582 0.0336898 0.0011194 0.0108974 -0.0254032 -0.0344828 -0.0148936 0.0155844 -0.0403061 0.0239583 -0.041791 0.025
internal_weight=519 333 236 186 123 77 113 86 46 76 97 47 66 41
internal_count=519 333 236 186 123 77 113 86 46 76 97 47 66 41
cat_boundaries=0 1
cat_threshold=116
is_linear=0
shrinkage=0.05


Tree=24
num_leaves=15
num_cat=0
split_feature=14 13 10 24 24 6 23 21 2 13 6 15 10 12
split_gain=130.733 19.2865 15.283 13.8199 8.76583 8.1512 5.78568 5.32348 8.00528 3.40476 2.24064 2.0882 1.87446 1.42173
threshold=61.464285714285722 38.500000000000007 85.500000000000014 6.2036340415127738 6.9751272838865601 41.500000000000007 25.800000000000001 1.0000000180025095e-35 1.0000000180025095e-35 31.928571428571434 94.500000000000014 16.455562140079888 33.500000000000007 31.500000000000004
decision_type=2 2 2 2 2 2 2 2 2 2 2 2 2 2
left_child=1 5 3 6 7 -1 -2 8 12 -7 -10 -8 -3 -11
right_child=2 4 -4 -5 -6 9 11 -9 10 13 -12 -13 -14 -15
leaf_value=-0.020676461433291493 0.069862957755887939 -0.10823532027404568 1.0241453910154943 -0.02007453044337968 -0.21986721631459913 -0.26720330365955469 0.19089313521890683 0.071160453198765877 0.1222422584120718 -0.26413705154086708 -0.017014474323770123 0.41730077276936017 -0.10747564698914705 -0.1268948238216428
leaf_weight=21 21 21 86 20 22 57 54 26 25 31 20 25 20 73
leaf_count=21 21 21 86 20 22 57 54 26 25 31 20 25 20 73
internal_value=-0.000956023 -0.0211356 0.0299517 0.0181818 -0.00666667 -0.031694 0.0257426 -0.000884956 -0.00689655 -0.0354938 0.0076087 0.031875 -0.022619 -0.0295238
internal_weight=522 316 206 120 134 182 100 112 86 161 45 79 41 104
internal_count=522 316 206 120 134 182 100 112 86 161 45 79 41 104
is_linear=0
shrinkage=0.05


Tree=25
num_leaves=15
num_cat=0
split_feature=16 17 24 13 24 23 17 18 17 9 6 16 18 23
split_gain=117.849 17.7646 16.7464 17.2516 12.1376 6.5438 6.38234 6.12707 5.77393 5.74794 5.46338 4.23819 3.02061 1.09516
threshold=82.500000000000014 85.875000000000014 1.0000000180025095e-35 34.500000000000007 6.2036340415127738 26.450000000000003 40.625000000000007 1.0365185185185186 35.125000000000007 44.500000000000007 70.500000000000014 47.500000000000007 1.055940077747227 36.20000000000001
decision_type=2 2 2 2 2 2 2 2 2 2 2 2 2 2
left_child=2 4 3 8 5 -2 7 11 -1 -8 -9 -5 -11 -7
right_child=1 -3 -4 6 -6 13 9 10 -10 12 -12 -13 -14 -15
leaf_value=-0.26966765486468525 -0.0033968938417146435 0.9567556576097207 -0.25148981676813736 -0.1257463461835675 -0.07351210478057961 0.39330677513992074 0.053711538814803818 0.025892812150743263 -0.055365436892451575 0.055868859979753799 -0.10353703607634053 -0.085496167520037691 -0.033814742891661712 0.2312414222003083
leaf_weight=55 20 90 67 20 20 27 25 22 24 28 29 30 22 24
leaf_count=55 20 90 67 20 20 27 25 22 24 28 29 30 22 24
internal_value=-0.00168651 0.0304945 -0.0198142 -0.0138672 0.0146739 0.0243056 -0.00508475 -0.0132353 -0.033125 0.00592105 -0.000961538 -0.0254902 -0.00392157 0.0336538
internal_weight=503 181 322 255 91 71 176 101 79 75 51 50 50 51
internal_count=503 181 322 255 91 71 176 101 79 75 51 50 50 51
is_linear=0
shrinkage=0.05


Tree=26
num_leaves=15
num_cat=0
split_feature=7 9 25 10 6 19 4 18 18 17 15 19 7 18
split_gain=121.927 16.0329 17.3239 13.7062 12.0064 7.43458 6.27569 4.88578 4.13327 3.39953 2.8784 2.38432 1.76594 1.67523
threshold=55.500000000000007 39.500000000000007 1.0000000180025095e-35 85.500000000000014 55.500000000000007 0.99634983498349838 20.500000000000004 1.0492914979757086 1.0673555541553779 31.875000000000004 7.204495950776967 1.0458643227405908 83.500000000000014 0.87332375478927216
decision_type=2 2 2 2 2 2 2 2 2 2 2 2 2 2
left_child=1 4 5 6 8 -3 7 -2 -1 -6 11 -7 -5 -11
right_child=3 2 -4 12 9 10 -8 -9 -10 13 -12 -13 -14 -15
leaf_value=-0.11145998186269566 0.21143232453448954 -0.039850793384407626 -0.1223852793905767 0.49303059056058346 -0.29188432814250798 -0.017969646544977104 0.36204750423037702 -0.04052272696313608 0.019511827468640774 -0.13948553360138513 0.17676300920999105 0.050138420905857829 1.0426565636126079 -0.11519800128811256
leaf_weight=30 32 27 29 21 48 22 42 32 22 21 21 20 65 85
leaf_count=30 32 27 29 21 48 22 42 32 22 21 21 20 65 85
internal_value=-0.00144788 -0.020092 -0.00541667 0.0300518 -0.0285024 0.00549451 0.017757 0.00769231 -0.00754717 -0.0354839 0.0148438 0.00697674 0.0448276 -0.0299065
internal_weight=517 325 119 192 206 90 106 64 52 154 63 42 86 106
internal_count=517 325 119 192 206 90 106 64 52 154 63 42 86 106
is_linear=0
shrinkage=0.05


Tree=27
num_leaves=15
num_cat=0
split_feature=17 12 24 12 23 2 12 19 23 21 18 7 14 9
split_gain=103.939 18.8383 16.508 7.99239 4.49439 4.31374 4.23216 4.55964 3.66964 5.83708 4.37202 3.64882 3.17913 2.6991
threshold=45.750000000000007 85.500000000000014 1.0000000180025095e-35 31.500000000000004 25.950000000000003 1.0000000180025095e-35 40.500000000000007 1.0033024308502536 36.95000000000001 1.0000000180025095e-35 0.98486461732211361 82.500000000000014 33.178571428571438 55.500000000000007
decision_type=2 2 2 2 2 2 2 2 2 2 2 2 2 2
left_child=3 2 4 12 -2 8 7 -7 9 -5 -10 13 -1 -6
right_child=1 -3 -4 5 11 6 -8 -9 10 -11 -12 -13 -14 -15
leaf_value=-0.28990742188711105 0.0042608107837626367 0.80719449972851898 -0.063523665220225928 -0.13902792683939166 0.13157009072581527 -0.067258417852977814 -0.11501879593775861 0.055804385355859236 -0.10821320941680242 -0.044086003033824289 0.00087886917300750156 0.39052373543197733 -0.18795538812463983 0.1037600380413931
leaf_weight=39 27 90 29 54 38 31 27 20 20 21 27 21 36 34
leaf_count=39 27 90 29 54 38 31 27 20 20 21 27 21 36 34
internal_value=-0.00135922 0.0227083 0.0116667 -0.0222826 0.0198347 -0.0169154 -0.00759494 0.000961538 -0.0227642 -0.0296053 -0.0114583 0.025 -0.0361842 0.0191781
internal_weight=514 239 149 275 120 200 78 51 122 75 47 93 75 72
internal_count=514 239 149 275 120 200 78 51 122 75 47 93 75 72
is_linear=0
shrinkage=0.05


Tree=28
num_leaves=15
num_cat=0
split_feature=11 7 24 17 17 4 4 4 19 6 19 6 12 13
split_gain=87.0858 24.4394 11.4213 14.3039 6.67862 5.53412 5.01956 6.63921 3.90111 3.83192 3.0214 4.37024 2.52995 3.54393
threshold=69.500000000000014 32.500000000000007 1.0000000180025095e-35 40.625000000000007 91.125000000000014 22.500000000000004 21.500000000000004 8.5000000000000018 0.98694597467080991 55.500000000000007 1.0202009606713189 120.50000000000001 31.500000000000004 32.642857142857146
decision_type=2 2 2 2 2 2 2 2 2 2 2 2 2 2
left_child=1 12 3 5 6 9 7 -2 -5 -3 -10 -12 -1 -14
right_child=4 2 -4 8 -6 -7 -8 -9 10 -11 11 -13 13 -15
leaf_value=-0.27709468461997028 0.21726882728713015 -0.037231114401060597 -0.19273187182762719 -0.022873324715045485 0.87764530909815264 0.003167676579851886 0.39186574387271983 -0.0012071190820053701 0.11797522623293429 -0.14297581672020884 0.098843308621017201 -0.024029945581776603 -0.034699236740629046 -0.11647850900380607
leaf_weight=39 22 21 39 33 57 41 26 34 26 66 39 20 21 30
leaf_count=39 22 21 39 33 57 41 26 34 26 66 39 20 21 30
internal_value=-0.00116505 -0.0136968 -0.00646853 -0.00242915 0.0325 -0.0139535 0.0228916 0.0140351 0.010084 -0.0210227 0.0156977 0.00916667 -0.0362637 -0.0278846
internal_weight=514 375 285 246 139 128 82 56 118 87 85 59 90 51
internal_count=514 375 285 246 139 128 82 56 118 87 85 59 90 51
is_linear=0
shrinkage=0.05


Tree=29
num_leaves=15
num_cat=0
split_feature=13 24 16 12 6 6 12 6 6 2 12 4 9 2
split_gain=87.99 19.1048 21.6278 12.8384 9.35933 5.43978 4.64957 3.75681 5.22823 3.6667 4.27689 4.23956 3.52046 2.56969
threshold=67.214285714285737 6.9751272838865601 43.500000000000007 85.500000000000014 117.50000000000001 55.500000000000007 33.500000000000007 107.50000000000001 75.500000000000014 1.0000000180025095e-35 41.500000000000007 17.500000000000004 31.500000000000004 1.0000000180025095e-35
decision_type=2 2 2 2 2 2 2 2 2 2 2 2 2 2
left_child=1 2 5 7 6 -1 -4 8 -2 10 -8 -11 -7 -5
right_child=3 -3 4 13 -6 12 9 -9 -10 11 -12 -13 -14 -15
leaf_value=-0.059097354420788409 0.028136603738923328 -0.21114091030788595 -0.14939684711075235 0.57967026712078507 -0.04432366312790386 -0.23850362677486248 0.034725898449348057 0.035543459215373475 0.24735889124373076 0.034699747870773123 -0.029528977361658451 0.17898404078474536 -0.10231244355912512 0.9677267406519523
leaf_weight=22 25 65 26 30 35 44 28 28 27 28 32 28 38 58
leaf_count=22 25 65 26 30 35 44 28 28 27 28 32 28 38 58
internal_value=0 -0.0144092 -0.00868794 0.0295858 0.00196629 -0.0266667 0.00769231 0.0148148 0.0226415 0.0119658 0.00327869 0.0210526 -0.0325301 0.0426966
internal_weight=514 346 281 168 177 104 142 80 52 116 60 56 82 88
internal_count=514 346 281 168 177 104 142 80 52 116 60 56 82 88
is_linear=0
shrinkage=0.05


Tree=30
num_leaves=15
num_cat=0
split_feature=15 9 25 12 21 25 6 2 6 16 8 19 12 19
split_gain=94.0798 16.8629 16.3833 14.5287 8.59822 6.49812 11.1709 6.14007 5.22711 3.83807 3.17187 2.99261 2.53538 2.2389
threshold=9.260736674173133 76.500000000000014 1.0000000180025095e-35 31.500000000000004 1.0000000180025095e-35 1.0000000180025095e-35 70.500000000000014 1.0000000180025095e-35 83.500000000000014 47.500000000000007 35.500000000000007 1.0060862159935575 87.500000000000014 1.0054625785519196
decision_type=2 2 2 2 2 2 2 2 2 2 2 2 2 2
left_child=3 2 8 10 5 6 11 -8 -2 -9 -1 -5 -3 -6
right_child=1 12 -4 4 13 -7 7 9 -10 -11 -12 -13 -14 -15
leaf_value=-0.2581663442386759 0.19155070768104318 0.26932291722093993 -0.090912884386960435 0.098720885979777517 -0.0020301415928887681 -0.20755112628770933 -0.1022524417824128 -0.0935286754929706 0.074568472821631107 0.0074076196367219189 -0.21838562445701548 -0.037104546074546364 0.90474130892696081 0.02266613777880018
leaf_weight=46 33 37 22 31 21 35 46 31 40 23 25 23 74 21
leaf_count=46 33 37 22 31 21 35 46 31 40 23 25 23 74 21
internal_value=0.000589391 0.02657 0.0109375 -0.0171617 -0.0109914 -0.0155263 -0.0109677 -0.0207921 0.0222973 -0.00909091 -0.0368056 0.00727273 0.0397321 0.00930233
internal_weight=508 206 95 302 231 189 154 100 73 54 71 54 111 42
internal_count=508 206 95 302 231 189 154 100 73 54 71 54 111 42
is_linear=0
shrinkage=0.05


Tree=31
num_leaves=15
num_cat=0
split_feature=12 10 24 24 15 11 4 4 6 8 19 9 15 15
split_gain=71.0847 14.1176 11.4572 10.0584 8.53008 5.93616 5.59271 6.25755 5.51795 4.97252 6.65579 3.74175 2.70927 2.6934
threshold=50.500000000000007 94.500000000000014 19.145253924705397 1.0000000180025095e-35 4.5013217800252967 83.500000000000014 22.500000000000004 12.500000000000002 76.500000000000014 61.500000000000007 1.021599512037602 40.500000000000007 6.4216851566134059 6.3207345829524995
decision_type=2 2 2 2 2 2 2 2 2 2 2 2 2 2
left_child=2 3 4 5 8 9 7 11 -1 -2 -11 -6 -9 -8
right_child=1 -3 -4 -5 6 -7 13 12 -10 10 -12 -13 -14 -15
leaf_value=-0.052557923702727653 0.2552677484432298 0.98022084251169772 -0.24287273257857331 -0.021874630824230225 -0.066361910219874795 0.35242254123932287 0.026635074977715691 -0.12970352046737829 -0.17687612926839905 0.10598598436859846 -0.065189832346950111 0.036900577602010112 -0.024364204351621767 -0.0073827734563924
leaf_weight=20 36 52 40 37 37 35 30 37 52 31 20 40 20 23
leaf_count=20 36 52 40 37 37 35 30 37 52 31 20 40 20 23
internal_value=-0.00117417 0.0209906 -0.0168333 0.0134375 -0.0128846 0.0203252 -0.00718085 -0.0125926 -0.0273973 0.0130682 0.00288462 -0.00320513 -0.025 0.00648148
internal_weight=510 211 299 159 259 122 187 134 72 87 51 77 57 53
internal_count=510 211 299 159 259 122 187 134 72 87 51 77 57 53
is_linear=0
shrinkage=0.05


Tree=32
num_leaves=15
num_cat=0
split_feature=12 17 25 7 21 15 19 11 8 23 8 2 19 19
split_gain=80.2375 13.2632 14.196 12.3342 11.3416 8.03147 7.20305 4.42249 3.39124 3.70821 2.84299 2.67467 4.22412 2.15744
threshold=49.500000000000007 99.250000000000014 1.0000000180025095e-35 32.500000000000007 1.0000000180025095e-35 8.0370932123148418 1.043162514603265 85.500000000000014 42.500000000000007 37.850000000000001 35.500000000000007 1.0000000180025095e-35 1.021599512037602 1.0145589383294304
decision_type=2 2 2 2 2 2 2 2 2 2 2 2 2 2
left_child=3 2 7 13 5 6 8 11 9 10 -5 12 -2 -1
right_child=1 -3 -4 4 -6 -7 -8 -9 -10 -11 -12 -13 -14 -15
leaf_value=-0.16302584829331526 0.12764000418606258 1.0636473003861127 -0.022310178419305871 -0.13537871995310555 0.073135210284562296 0.012895613845134692 -0.018327832553354462 0.32777608531069868 -0.11837836584659876 -0.051811060355357166 -0.062631173931496073 0.24874621421879831 -0.012498877329940506 -0.07961790440775296
leaf_weight=70 43 39 38 29 29 31 34 38 28 24 26 39 26 22
leaf_count=70 43 39 38 29 29 31 34 38 28 24 26 39 26 22
internal_value=0 0.0225446 0.0167568 -0.0171769 -0.0101485 -0.0150289 -0.0200704 0.0238095 -0.0263889 -0.020625 -0.0276786 0.0183486 0.0121429 -0.0322581
internal_weight=516 223 184 293 201 172 141 146 107 79 55 108 69 92
internal_count=516 223 184 293 201 172 141 146 107 79 55 108 69 92
is_linear=0
shrinkage=0.05


Tree=33
num_leaves=15
num_cat=0
split_feature=10 7 21 9 24 15 12 19 20 4 2 6 9 8
split_gain=69.1662 12.6975 10.0751 9.73337 13.7274 7.84119 7.84846 6.71926 6.26365 4.50312 4.37155 2.68699 2.55999 1.67583
threshold=58.500000000000007 32.500000000000007 1.0000000180025095e-35 101.50000000000001 1.0000000180025095e-35 7.1514110349014048 55.500000000000007 1.0493426391819511 200.00000000000003 21.500000000000004 1.0000000180025095e-35 68.500000000000014 32.500000000000007 36.500000000000007
decision_type=2 2 2 2 2 2 2 2 2 2 2 2 2 2
left_child=1 9 5 4 10 7 8 11 -7 12 -2 -3 -1 -13
right_child=3 2 -4 -5 -6 6 -8 -9 -10 -11 -12 13 -14 -15
leaf_value=-0.2227510874034298 0.19164323271424699 -0.10398446906409725 0.10335636590046189 1.0456947090336037 -0.019665390362053614 0.11290283842566229 -0.042087679565521799 0.0013550741718784565 -0.023285273280757759 -0.083972805194704139 0.54255343405503431 -0.096985677092065015 -0.07130437321226335 -0.092489153903650492
leaf_weight=33 60 39 34 35 27 22 21 31 38 22 42 32 42 37
leaf_count=33 60 39 34 35 27 22 21 31 38 22 42 32 42 37
internal_value=-0.00125969 -0.0137784 -0.00784314 0.0254545 0.0188462 -0.0117647 0.000609756 -0.0189286 0.00983607 -0.0290816 0.0271845 -0.0247706 -0.0348684 -0.0307143
internal_weight=515 351 254 164 129 220 81 139 60 97 102 108 75 69
internal_count=515 351 254 164 129 220 81 139 60 97 102 108 75 69
is_linear=0
shrinkage=0.05


Tree=34
num_leaves=15
num_cat=0
split_feature=9 24 17 24 23 13 15 17 4 10 8 17 6 13
split_gain=73.4527 20.0104 16.5531 11.9106 10.0534 10.8488 4.95907 4.92148 3.62901 4.81825 3.62202 3.76773 3.23505 4.03074
threshold=51.500000000000007 19.145253924705397 86.500000000000014 1.0000000180025095e-35 29.300000000000004 41.071428571428577 4.5013217800252967 42.250000000000007 22.500000000000004 37.500000000000007 44.500000000000007 38.375000000000007 58.500000000000007 75.142857142857153
decision_type=2 2 2 2 2 2 2 2 2 2 2 2 2 2
left_child=1 4 3 12 6 8 -1 -7 9 -6 11 -8 -2 -14
right_child=2 -3 -4 -5 5 7 10 -9 -10 -11 -12 -13 13 -15
leaf_value=-0.14327348662607342 0.026090050890889317 -0.23339324362719671 0.60485046969828604 -0.034168646962763026 -0.11751363153576691 0.001287320463284658 0.014639702718068649 0.15600688484859015 0.00094067324558437808 -0.032919240096660828 -0.098606133742063312 -0.027242823419262055 0.27350343923078063 0.12286794826043064
leaf_weight=31 21 38 88 30 46 29 27 24 39 34 23 25 45 27
leaf_count=31 21 38 88 30 46 29 27 24 39 34 23 25 45 27
internal_value=9.4697e-05 -0.015142 0.0228774 0.0108871 -0.0103943 -0.00289017 -0.0224299 0.0157407 -0.01125 -0.017284 -0.0151316 -0.00754717 0.0196809 0.0246575
internal_weight=527 316 211 123 278 172 106 53 119 80 75 52 93 72
internal_count=527 316 211 123 278 172 106 53 119 80 75 52 93 72
is_linear=0
shrinkage=0.05


Tree=35
num_leaves=15
num_cat=0
split_feature=12 17 12 24 24 23 15 7 6 6 18 18 4 12
split_gain=62.7374 18.3867 15.0748 9.63979 6.67923 8.85563 4.42031 4.06298 4.00133 5.01477 3.74502 3.43509 4.39797 3.38344
threshold=50.500000000000007 99.250000000000014 33.500000000000007 1.0000000180025095e-35 1.0000000180025095e-35 32.550000000000004 5.3763149000743935 33.500000000000007 114.50000000000001 124.50000000000001 1.1215816703621584 1.0633816614420064 17.500000000000004 38.500000000000007
decision_type=2 2 2 2 2 2 2 2 2 2 2 2 2 2
left_child=2 3 7 11 5 8 -7 -1 -4 -10 -9 -2 -13 -8
right_child=1 -3 4 -5 -6 6 13 10 9 -11 -12 12 -14 -15
leaf_value=-0.18796477750798674 0.23308177456577539 0.9779376764302129 -0.059336524722907846 -0.02481675853232659 -0.13487263288644497 -0.025540024863334489 0.068367529116421549 -0.10548021290587145 0.027537416010779126 -0.022506463829761361 -0.15583452521510816 -0.043489239914972271 0.24503441659163042 0.020307259045734584
leaf_weight=59 89 42 32 34 38 22 20 31 20 31 22 24 28 33
leaf_count=59 89 42 32 34 38 22 20 31 20 31 22 24 28 33
internal_value=-0.00104563 0.0194954 -0.015534 0.0122159 -0.0071066 -0.00251572 0.00986842 -0.0300885 -0.0136905 -0.00480769 -0.0194444 0.0179577 0.00754717 0.0175926
internal_weight=525 217 308 175 196 158 75 112 83 51 53 141 52 53
internal_count=525 217 308 175 196 158 75 112 83 51 53 141 52 53
is_linear=0
shrinkage=0.05


Tree=36
num_leaves=15
num_cat=0
split_feature=11 17 24 24 13 12 18 19 2 4 13 8 18 23
split_gain=63.3218 12.4431 10.3254 9.89116 8.23623 5.75538 5.01753 7.76761 5.59965 4.10185 3.80995 3.54969 3.37642 2.81856
threshold=54.500000000000007 99.250000000000014 1.0000000180025095e-35 19.145253924705397 42.785714285714292 31.500000000000004 1.1571299879887897 1.0357500690308077 1.0000000180025095e-35 14.500000000000002 44.928571428571438 35.500000000000007 0.98486461732211361 26.450000000000003
decision_type=2 2 2 2 2 2 2 2 2 2 2 2 2 2
left_child=3 2 13 4 5 11 7 8 12 -10 -6 -1 -7 -2
right_child=1 -3 -4 -5 10 6 -8 -9 9 -11 -12 -13 -14 -15
leaf_value=-0.19389846829419213 0.046732005585747062 0.99161932448316614 -0.024537905525165729 -0.18281019907324617 0.11398783650988752 -0.082805478640304034 -0.060425076456740182 0.026267566458577463 -0.02559373618041523 0.045175810730132326 -0.0017494320298812483 -0.11916503535740688 -0.051633649605206423 0.24757654643966021
leaf_weight=36 30 38 28 36 22 29 26 30 26 27 43 21 22 83
leaf_count=36 30 38 28 36 22 29 26 30 26 27 43 21 22 83
internal_value=-0.000100402 0.0236111 0.0165493 -0.0134796 -0.0102473 -0.0149083 -0.00993789 -0.00592593 -0.012381 -0.000925926 0.00530303 -0.0284483 -0.0240385 0.0232456
internal_weight=497 179 141 318 282 217 160 134 104 53 65 57 51 113
internal_count=497 179 141 318 282 217 160 134 104 53 65 57 51 113
is_linear=0
shrinkage=0.05


Tree=37
num_leaves=15
num_cat=0
split_feature=9 17 24 13 24 23 20 4 4 13 10 14 4 15
split_gain=61.6589 16.0405 12.6348 10.5012 8.1246 7.7818 7.07279 5.33288 3.87849 3.28402 3.03471 3.29979 2.67138 3.42262
threshold=53.500000000000007 91.125000000000014 1.0000000180025095e-35 34.357142857142868 1.0000000180025095e-35 32.350000000000001 200.00000000000003 16.500000000000004 22.500000000000004 33.500000000000007 43.500000000000007 40.642857142857146 14.500000000000002 12.74001213921205
decision_type=2 2 2 2 2 2 2 2 2 2 2 2 2 2
left_child=2 4 3 8 12 10 7 -7 -1 -4 11 -5 -2 -14
right_child=1 -3 9 5 -6 6 -8 -9 -10 -11 -12 -13 13 -15
leaf_value=-0.11073996641229727 0.16122500784304919 0.67945982638454372 -0.10882068050991052 0.0075002444728182738 -0.022349025329452134 -0.064895738230578995 0.094177786863173379 0.041610774746902029 -0.04229850628149965 -0.1863547716304865 -0.041260085465394884 -0.024304973708138534 -0.048902189120608598 0.1442128065920649
leaf_weight=63 47 57 20 26 34 32 32 26 22 50 32 20 20 35
leaf_count=63 47 57 20 26 34 32 32 26 22 50 32 20 20 35
internal_value=-0.000386847 0.0219072 -0.0137346 -0.00846457 0.0124088 -0.00118343 0.00879121 -0.00169492 -0.0226744 -0.0323944 -0.0126582 -0.00425532 0.0194175 0.0116071
internal_weight=516 193 323 253 136 168 90 58 85 70 78 46 102 55
internal_count=516 193 323 253 136 168 90 58 85 70 78 46 102 55
is_linear=0
shrinkage=0.05


Tree=38
num_leaves=15
num_cat=0
split_feature=17 8 4 24 17 8 16 23 17 17 13 13 23 6
split_gain=63.874 15.1635 13.7073 11.4147 10.7135 5.7773 5.26851 5.07781 4.74142 8.81161 6.2655 3.2838 3.02964 2.49304
threshold=69.500000000000014 39.500000000000007 22.500000000000004 6.2036340415127738 99.250000000000014 83.500000000000014 115.50000000000001 36.95000000000001 40.625000000000007 35.125000000000007 45.357142857142868 63.357142857142868 32.550000000000004 114.50000000000001
decision_type=2 2 2 2 2 2 2 2 2 2 2 2 2 2
left_child=1 2 7 8 5 12 -7 13 9 -3 -10 -12 -2 -1
right_child=4 3 -4 -5 -6 6 -8 -9 10 -11 11 -13 -14 -15
leaf_value=-0.14105730740077363 0.49083455854266661 0.013886036347199494 0.0052852280936932063 -0.08842161145213262 0.84548683506531652 -0.034517351071522033 0.20960645002682698 -0.089757934238825152 0.10383994819340536 -0.080933930303439011 -0.055014758082861451 0.064876430657606399 0.14573757954036637 -0.048307653426830834
leaf_weight=63 28 28 54 23 43 25 23 43 26 26 21 38 28 46
leaf_count=63 28 28 54 23 43 25 23 43 26 26 21 38 28 46
internal_value=0.000290698 -0.0108401 -0.0198068 0.000613497 0.0280405 0.0190476 0.00612245 -0.027451 0.00607143 -0.00545455 0.0133721 0.00416667 0.0298246 -0.0331818
internal_weight=515 368 206 162 147 104 48 152 139 54 85 59 56 109
internal_count=515 368 206 162 147 104 48 152 139 54 85 59 56 109
is_linear=0
shrinkage=0.05


Tree=39
num_leaves=15
num_cat=0
split_feature=13 12 2 6 24 18 7 9 19 19 15 23 23 18
split_gain=57.9539 12.8012 12.3027 10.69 8.29793 7.7438 5.55466 5.45963 5.41396 4.29553 5.86183 3.67866 3.79881 2.88382
threshold=67.214285714285737 33.500000000000007 1.0000000180025095e-35 74.500000000000014 1.0000000180025095e-35 0.923169191919192 29.500000000000004 34.500000000000007 0.99634983498349838 0.99807885157199905 16.042354225298578 40.350000000000001 39.250000000000007 1.1215816703621584
decision_type=2 2 2 2 2 2 2 2 2 2 2 2 2 2
left_child=1 6 9 4 11 -5 -1 -7 -9 -2 -11 12 -3 -8
right_child=2 3 -4 5 -6 7 13 8 -10 10 -12 -13 -14 -15
leaf_value=-0.21121622646135949 0.17401895496679068 0.070223727220779963 0.5687172054644013 -0.059605614462531521 -0.08023384671915057 -0.13400473700165794 -0.090253452247241309 -0.052464705360548258 0.012002293952274102 -0.064889281173012139 0.13822088983956834 -0.0092321087122058994 0.12694894002011115 -0.13719938037771567
leaf_weight=28 38 39 68 51 30 22 56 26 37 29 30 25 20 21
leaf_count=28 38 39 68 51 30 22 56 26 37 29 30 25 20 21
internal_value=0 -0.0113764 0.0243976 -0.00517928 0.00608696 -0.0145985 -0.0259434 -0.00523256 0.00234375 0.0127551 0.00416667 0.0141176 0.0208333 -0.0185897
internal_weight=520 355 165 250 114 136 105 85 63 97 59 84 59 77
internal_count=520 355 165 250 114 136 105 85 63 97 59 84 59 77
is_linear=0
shrinkage=0.05


Tree=40
num_leaves=15
num_cat=0
split_feature=10 11 17 24 6 23 8 11 15 13 8 15 2 9
split_gain=48.4751 15.585 12.3329 8.32063 6.46205 6.06756 6.57502 4.77221 4.13982 3.80798 3.73959 4.22933 2.77834 2.76285
threshold=73.500000000000014 32.500000000000007 92.875000000000014 1.0000000180025095e-35 118.50000000000001 36.95000000000001 34.500000000000007 84.500000000000014 4.2983368347686968 36.214285714285722 36.500000000000007 8.932232342029744 1.0000000180025095e-35 33.500000000000007
decision_type=2 2 2 2 2 2 2 2 2 2 2 2 2 2
left_child=1 8 4 5 7 6 12 -2 -1 -10 -7 -12 -3 -8
right_child=2 3 -4 -5 -6 10 13 -9 9 -11 11 -13 -14 -15
leaf_value=-0.17530327739474352 0.36017030394367427 -0.10634538813678313 0.59993369678775899 -0.10706927928946222 -0.041360659596352892 0.093360287847099599 -0.055031535530836888 0.067789608221040257 -0.0028844361492804007 -0.060195291071514667 -0.0087705032765956759 0.12033830285663748 -0.020155000233495281 0.011402179254660539
leaf_weight=37 35 26 55 53 20 22 24 28 22 28 37 23 20 97
leaf_count=37 35 26 55 53 20 22 24 28 22 28 37 23 20 97
internal_value=0.00198864 -0.00705128 0.0273381 -0.00165017 0.014881 0.0022 -0.00327381 0.0226563 -0.0255682 -0.0156863 0.013253 0.00655738 -0.0191489 0.00286885
internal_weight=527 389 138 302 83 249 167 63 87 50 82 60 46 121
internal_count=527 389 138 302 83 249 167 63 87 50 82 60 46 121
is_linear=0
shrinkage=0.05


Tree=41
num_leaves=15
num_cat=0
split_feature=17 25 9 4 11 6 15 8 19 23 11 8 8 17
split_gain=40.8164 17.9302 17.7791 11.9584 9.1456 7.49529 5.74723 4.99129 3.72486 3.0979 3.0031 3.57821 2.33467 3.80079
threshold=92.875000000000014 1.0000000180025095e-35 51.500000000000007 19.500000000000004 30.500000000000004 55.500000000000007 7.4370371282625589 61.500000000000007 1.0060862159935575 40.100000000000009 83.500000000000014 81.500000000000014 33.500000000000007 59.125000000000007
decision_type=2 2 2 2 2 2 2 2 2 2 2 2 2 2
left_child=1 2 3 5 -5 -1 -7 -4 -6 12 11 -9 -3 -14
right_child=-2 9 7 4 8 6 -8 10 -10 -11 -12 -13 13 -15
leaf_value=0.0684261055512458 0.57990494819944305 -0.11299463737317304 0.22966540179755235 -0.057185526517938894 0.075979236168786463 -0.097441403848129229 0.00021201564526016626 -0.042992588172210591 0.0091432453768895538 -0.019292807369207667 0.18911355588870649 0.039013068227563966 -0.17552957578639994 -0.029347694469232622
leaf_weight=35 51 23 31 24 23 98 24 20 49 21 32 32 32 22
leaf_count=35 51 23 31 24 23 98 24 20 49 21 32 32 32 22
internal_value=-0.000675676 -0.00535332 -0.000271003 -0.00767717 0.00618557 -0.0161392 -0.0219512 0.0159483 0.0150685 -0.0242424 0.00941176 0.00188679 -0.0288462 -0.0345455
internal_weight=517 466 368 253 96 157 122 115 72 98 84 52 77 54
internal_count=517 466 368 253 96 157 122 115 72 98 84 52 77 54
is_linear=0
shrinkage=0.05


Tree=42
num_leaves=15
num_cat=0
split_feature=16 10 24 24 15 6 18 9 23 19 10 9 15 10
split_gain=44.8666 15.5317 11.2031 10.8099 9.19372 5.77871 5.51813 4.97764 4.02892 3.88299 4.48813 3.87235 3.60193 6.07492
threshold=79.500000000000014 94.500000000000014 6.9751272838865601 6.2036340415127738 5.0521072151542237 60.500000000000007 1.1785825951016156 32.500000000000007 26.350000000000005 1.0276783863437673 36.500000000000007 30.500000000000004 16.455562140079888 70.500000000000014
decision_type=2 2 2 2 2 2 2 2 2 2 2 2 2 2
left_child=2 3 4 8 5 -1 7 -6 -2 -9 -11 -7 13 -10
right_child=1 -3 -4 -5 6 11 -8 9 12 10 -12 -13 -14 -15
leaf_value=0.062075387303138468 0.0075059411100287582 0.56578470078947096 -0.12910963722285321 -0.033338390897036517 -0.053040210577736779 -0.18304593764061955 -0.033623362241648989 -0.00020166103472476495 -0.042091744975880557 0.068696357026110641 0.0013684972767993742 -0.053451500389360265 0.27671004336609428 0.40941525245776628
leaf_weight=20 27 53 60 34 22 26 25 66 20 22 29 55 24 24
leaf_count=20 27 53 60 34 22 26 25 66 20 22 29 55 24 24
internal_value=-0.000688976 0.0191257 -0.0118098 0.00961538 -0.00733083 -0.0191176 0 0.00392857 0.0182292 0.00805085 0.0182692 -0.025 0.0246377 0.0155556
internal_weight=507 182 325 129 265 101 164 139 95 117 51 81 68 44
internal_count=507 182 325 129 265 101 164 139 95 117 51 81 68 44
is_linear=0
shrinkage=0.05


Tree=43
num_leaves=15
num_cat=0
split_feature=12 15 24 12 10 16 24 7 15 8 8 9 19 16
split_gain=43.7562 11.8345 8.14018 6.48456 6.23532 6.19971 7.2256 4.82406 5.79962 6.04534 4.69586 4.34201 4.19937 3.44345
threshold=82.500000000000014 7.204495950776967 1.0000000180025095e-35 31.500000000000004 90.500000000000014 38.500000000000007 6.9751272838865601 47.500000000000007 9.3401335771012928 61.500000000000007 36.500000000000007 35.500000000000007 0.99773431564210047 94.500000000000014
decision_type=2 2 2 2 2 2 2 2 2 2 2 2 2 2
left_child=1 3 7 10 -2 -5 11 -3 -9 -10 -1 -7 -13 -11
right_child=4 2 -4 5 -6 6 -8 8 9 13 -12 12 -14 -15
leaf_value=-0.16061052664729092 0.1996859035446267 0.039452203290094447 -0.044169435339431122 0.034352929497592125 0.65410562657162152 -0.050778925369892397 -0.1705641229452729 -0.058169095264291037 0.1422124057995296 -0.016615949866929471 -0.083448572697407644 -0.040315524657793138 0.0084579197322234741 0.054965524532225633
leaf_weight=50 40 28 39 29 67 45 22 20 20 20 21 23 55 27
leaf_count=50 40 28 39 29 67 45 22 20 20 20 21 23 55 27
internal_value=0 -0.007625 0.00322581 -0.0144309 0.0282407 -0.00914286 -0.0133562 0.00991379 0.00397727 0.0110294 -0.0270833 -0.00846774 -0.00126582 0.00104167
internal_weight=506 399 154 245 107 174 145 115 87 67 71 123 78 47
internal_count=506 399 154 245 107 174 145 115 87 67 71 123 78 47
is_linear=0
shrinkage=0.05


Tree=44
num_leaves=15
num_cat=0
split_feature=12 24 11 24 12 6 8 7 6 4 24 8 10 7
split_gain=31.6158 9.54189 8.71295 8.15694 7.63721 4.94601 4.91986 11.2838 4.15218 3.36623 2.70563 2.56123 5.76521 2.56171
threshold=49.500000000000007 6.9751272838865601 32.500000000000007 1.0000000180025095e-35 92.500000000000014 55.500000000000007 34.500000000000007 47.500000000000007 103.50000000000001 18.500000000000004 23.306178918776148 61.500000000000007 74.500000000000014 87.500000000000014
decision_type=2 2 2 2 2 2 2 2 2 2 2 2 2 2
left_child=2 4 -1 5 11 -4 9 8 -8 -7 -3 -2 -13 -14
right_child=1 10 3 -5 -6 6 7 -9 -10 -11 -12 12 13 -15
leaf_value=-0.08226718960755619 0.13338399629119238 -0.083693604727239551 0.096288911120155349 -0.12523909802303876 0.62994724817034475 -0.050520702745170003 0.071127264633166126 -0.054659243949843811 0.015311665080414906 0.0026497215753874316 0.0066721155778042274 -0.040102093669394989 0.049849107918119633 0.24007755996515601
leaf_weight=83 49 21 26 42 45 34 23 22 30 20 20 38 20 25
leaf_count=83 49 21 26 42 45 34 23 22 30 20 20 38 20 25
internal_value=-0.001002 0.013242 -0.0120996 -0.00631313 0.0182584 -0.000961538 -0.005 0.00328947 0.0157407 -0.0163636 -0.00833333 0.0120301 0.00654762 0.0184783
internal_weight=498 218 280 197 177 155 129 75 53 54 41 132 83 45
internal_count=498 218 280 197 177 155 129 75 53 54 41 132 83 45
is_linear=0
shrinkage=0.05


Tree=45
num_leaves=15
num_cat=0
split_feature=12 17 17 24 6 9 8 6 2 14 10 12 13 8
split_gain=29.0738 10.5389 10.4354 8.92328 6.75785 5.89075 5.1486 4.55833 4.36731 6.88266 7.51835 5.50972 5.04657 4.29738
threshold=59.500000000000007 34.375000000000007 101.87500000000001 1.0000000180025095e-35 116.50000000000001 89.500000000000014 36.500000000000007 59.500000000000007 1.0000000180025095e-35 42.321428571428577 52.500000000000007 40.500000000000007 40.500000000000007 36.500000000000007
decision_type=2 2 2 2 2 2 2 2 2 2 2 2 2 2
left_child=1 6 4 8 5 7 -1 -2 9 13 -11 -10 -13 -3
right_child=2 3 -4 -5 -6 -7 -8 -9 11 10 -12 12 -14 -15
leaf_value=-0.12650836366265991 0.022077019490806649 -0.0018766768387681765 0.69346431801292463 -0.091370282597760533 -0.019627215112312513 -0.032031401006477722 -0.024226006335701024 0.22756026076357189 0.057066923028978069 0.055993158848095886 -0.033316785570385934 -0.032749102993505377 0.053308004606942919 -0.087968174952521502
leaf_weight=63 20 30 38 57 35 26 36 40 38 26 22 23 27 31
leaf_count=63 20 30 38 57 35 26 36 40 38 26 22 23 27 31
internal_value=-0.00175439 -0.00974576 0.0159375 -0.00431373 0.00860656 0.016092 -0.0235 0.0245902 0.000757576 -0.00590909 0.00816327 0.00898876 -0.00196078 -0.0169355
internal_weight=512 353 159 254 121 86 99 60 197 109 48 88 50 61
internal_count=512 353 159 254 121 86 99 60 197 109 48 88 50 61
is_linear=0
shrinkage=0.05


Tree=46
num_leaves=15
num_cat=0
split_feature=13 24 17 2 9 17 18 24 15 9 14 15 12 10
split_gain=24.8636 14.0121 9.3467 7.81283 14.062 11.574 5.89629 4.50664 8.51725 5.6005 4.49508 4.00346 3.84722 3.31944
threshold=42.928571428571438 1.0000000180025095e-35 101.87500000000001 1.0000000180025095e-35 32.500000000000007 38.875000000000007 1.0408298721684348 7.5188644930363164 4.5013217800252967 36.500000000000007 40.642857142857146 5.51188513512058 78.500000000000014 52.500000000000007
decision_type=2 2 2 2 2 2 2 2 2 2 2 2 2 2
left_child=3 2 6 7 -5 -6 -2 8 -1 11 -7 -10 13 -8
right_child=1 -3 -4 4 5 10 12 -9 9 -11 -12 -13 -14 -15
leaf_value=-0.120182945479527 0.10342160911918441 -0.03905825039296254 0.86154143007964701 -0.14214122265141568 0.04782745239813533 -0.084994955139927345 0.013479762188157097 -0.16034538289464229 0.050550581970221491 -0.044522175534150325 0.04730734510251438 -0.024165850365290176 0.16489652978577782 -0.027840924773576248
leaf_weight=39 105 46 26 28 36 27 23 30 20 35 25 34 27 21
leaf_count=39 105 46 26 28 36 27 23 30 20 35 25 34 27 21
internal_value=-0.00382409 0.00763052 0.0133005 -0.0141818 -0.0042735 0.00561798 0.00903955 -0.0213836 -0.0170543 -0.00833333 -0.00943396 0.00181818 -0.00208333 -0.0111111
internal_weight=522 248 202 274 116 88 176 158 128 89 52 54 71 44
internal_count=522 248 202 274 116 88 176 158 128 89 52 54 71 44
is_linear=0
shrinkage=0.05


Tree=47
num_leaves=15
num_cat=0
split_feature=10 15 25 18 4 4 13 15 2 18 15 2 18 4
split_gain=25.1738 14.535 13.074 7.54376 11.2998 5.68946 11.6354 5.56286 3.99338 3.8428 3.21845 2.48093 2.96329 2.70176
threshold=94.500000000000014 5.0521072151542237 1.0000000180025095e-35 1.1571299879887897 19.500000000000004 18.500000000000004 32.642857142857146 12.90528282315889 1.0000000180025095e-35 1.0734764826175871 17.581775946457729 1.0000000180025095e-35 1.0365185185185186 13.500000000000002
decision_type=2 2 2 2 2 2 2 2 2 2 2 2 2 2
left_child=1 5 3 10 -5 9 -7 8 -4 -1 11 13 -13 -3
right_child=-2 2 7 4 -6 6 -8 -9 -10 -11 -12 12 -14 -15
leaf_value=-0.097459502794240829 0.50323450317571317 0.015990732940608512 -0.15194043979985461 -0.065699567408936593 0.020957847422003087 0.059815985213127476 -0.086957482252483773 0.0037377919855568821 -0.055827780297334151 -0.059156304949996845 0.25793017246154587 0.11059058994179978 0.0037740901089854621 -0.0044117842180577682
leaf_weight=52 51 53 26 29 25 21 22 23 24 20 20 31 31 70
leaf_count=52 51 53 26 29 25 21 22 23 24 20 20 31 31 70
internal_value=-0.0012024 -0.00502232 0.0003003 0.00557692 -0.0109091 -0.0202586 -0.00568182 -0.0182432 -0.027451 -0.0287671 0.00995146 0.0077957 0.015873 0.00362903
internal_weight=498 447 332 259 54 115 43 73 50 72 205 185 62 123
internal_count=498 447 332 259 54 115 43 73 50 72 205 185 62 123
is_linear=0
shrinkage=0.05


Tree=48
num_leaves=15
num_cat=0
split_feature=13 4 24 11 17 17 24 4 19 7 8 7 18 13
split_gain=30.044 9.48828 8.27594 6.67185 6.39287 5.57663 5.23165 5.14887 4.59181 4.21514 3.81794 3.45203 5.45057 5.09964
threshold=63.642857142857146 18.500000000000004 1.0000000180025095e-35 31.500000000000004 30.125000000000004 101.87500000000001 6.4908171041072009 5.5000000000000009 1.0060862159935575 97.500000000000014 95.500000000000014 47.500000000000007 0.91753167728541796 37.357142857142868
decision_type=2 2 2 2 2 2 2 2 2 2 2 2 2 2
left_child=1 4 5 -3 -1 9 8 -6 -5 10 -2 12 -9 -14
right_child=2 3 -4 6 7 -7 -8 11 -10 -11 -12 -13 13 -15
leaf_value=-0.18972188428669218 0.25427377316792726 -0.057387321589692425 -0.024363827735125201 0.049531084137115045 0.00094264111645507857 0.71624927002720506 -0.075169680906677888 -0.067691445289080221 0.0050036461753506963 -0.027733490181891085 -0.023154373777659745 -0.075357635836628856 -0.064610883130797353 0.050485066694941953
leaf_weight=21 72 31 37 28 41 30 21 40 53 24 20 28 45 26
leaf_count=21 72 31 37 28 41 30 21 40 53 24 20 28 45 26
internal_value=-0.00183398 -0.0107463 0.0144022 -0.000373134 -0.0175743 0.0197279 0.00582524 -0.0143646 0.0115854 0.0145299 0.0193548 -0.0189286 -0.0147321 -0.00625
internal_weight=517 334 183 133 201 146 102 180 81 116 92 139 111 71
internal_count=517 334 183 133 201 146 102 180 81 116 92 139 111 71
is_linear=0
shrinkage=0.05


Tree=49
num_leaves=15
num_cat=0
split_feature=16 24 15 2 4 17 4 19 16 4 17 15 7 10
split_gain=25.2659 11.1928 11.376 4.84568 4.47743 4.73442 4.34 3.54168 5.42988 5.63572 3.38185 3.37558 2.73526 2.40762
threshold=116.50000000000001 1.0000000180025095e-35 9.1417317280470112 1.0000000180025095e-35 22.500000000000004 30.875000000000004 20.500000000000004 0.99634983498349838 47.500000000000007 13.500000000000002 36.125000000000007 15.068880294411658 83.500000000000014 92.500000000000014
decision_type=2 2 2 2 2 2 2 2 2 2 2 2 2 2
left_child=1 2 4 6 5 -1 -3 10 -9 -10 -7 12 -4 -2
right_child=13 3 11 -5 -6 7 -8 8 9 -11 -12 -13 -14 -15
leaf_value=-0.14492837017211305 0.13775835026660738 -0.15551243125888484 0.028941892553142702 -0.02410039551536336 0.005015163856521454 -0.0073890982482106796 -0.033581674956247552 0.035439469142751888 0.0070523341307325189 -0.062361087273827748 -0.072795106347991023 0.0089408376842843758 0.35226536749645732 0.5945297790711358
leaf_weight=21 20 36 48 40 64 34 21 29 35 22 37 55 23 24
leaf_count=21 20 36 48 40 64 34 21 29 35 22 37 55 23 24
internal_value=-0.00245098 -0.00590129 -0.00189702 -0.0209184 -0.00823045 -0.0122905 -0.0301724 -0.00917722 -0.00229885 -0.0112069 -0.0173611 0.0102362 0.0173611 0.0333333
internal_weight=509 465 368 97 242 178 57 157 86 57 71 126 71 44
internal_count=509 465 368 97 242 178 57 157 86 57 71 126 71 44
is_linear=0
shrinkage=0.05


Tree=50
num_leaves=15
num_cat=1
split_feature=11 16 25 1 4 10 18 18 9 15 8 7 12 12
split_gain=21.5518 14.512 11.0762 8.29237 11.5445 10.1413 6.9177 5.91729 5.02686 3.4573 3.78289 4.29585 4.01191 4.48611
threshold=32.500000000000007 116.50000000000001 1.0000000180025095e-35 0 19.500000000000004 74.500000000000014 1.087514021583569 0.99774944930913334 49.500000000000007 5.0638771327945795 61.500000000000007 83.500000000000014 52.500000000000007 42.500000000000007
decision_type=2 2 2 1 2 2 2 2 2 2 2 2 2 2
left_child=6 2 3 4 5 -2 -1 8 -4 -5 12 -12 13 -11
right_child=1 -3 7 9 -6 -7 -8 -9 -10 10 11 -13 -14 -15
leaf_value=-0.098662617636708916 -0.054767117780883549 0.45484185699456819 -0.092384182094698286 -0.039686129138602061 0.03677691773649272 0.066247927824284153 -0.0049128830052900703 -0.11874231857731524 0.0059741135488032178 0.049111888343468739 -0.054873015129227203 0.34880099538875414 0.25494991228134295 0.0014882449850553315
leaf_weight=69 70 47 25 27 41 22 22 22 31 37 26 20 25 34
leaf_count=69 70 47 25 27 41 22 22 22 31 37 26 20 25 34
internal_value=-0.00250482 0.00221963 -0.00104987 0.00330033 -0.00590278 -0.016129 -0.0244565 -0.0177215 -0.00877193 0.0102778 0.013986 0.00212766 0.0195876 0.0131944
internal_weight=518 427 380 302 133 92 91 78 56 169 142 46 96 71
internal_count=518 427 380 302 133 92 91 78 56 169 142 46 96 71
cat_boundaries=0 1
cat_threshold=67
is_linear=0
shrinkage=0.05


Tree=51
num_leaves=15
num_cat=0
split_feature=12 24 10 4 15 17 15 13 19 19 19 24 15 15
split_gain=26.0996 8.10926 7.03858 7.39166 3.96899 6.00716 6.70563 6.00491 5.43864 3.71795 4.17936 3.42621 5.34545 6.04007
threshold=48.500000000000007 7.5188644930363164 100.50000000000001 20.500000000000004 5.0521072151542237 35.125000000000007 4.1144335037430411 37.071428571428577 0.99431545839863422 0.99240516915694077 1.043162514603265 1.0000000180025095e-35 9.1417317280470112 14.509435295139339
decision_type=2 2 2 2 2 2 2 2 2 2 2 2 2 2
left_child=1 4 3 11 5 -1 -7 -6 -9 -5 -11 12 -2 -14
right_child=2 -3 -4 9 7 6 -8 8 -10 10 -12 -13 13 -15
leaf_value=-0.098345977431358644 -0.03283012190324968 -0.1077654738015868 0.40725682789376805 0.018087048539810802 0.01536930174505482 0.0449858702820988 -0.043759447370157294 -0.046581627697552364 -0.0078251528036794582 0.25218623232534249 0.021137212353733049 -0.037660083117095414 0.089647897438548091 -0.019217568799113141
leaf_weight=56 20 48 37 20 39 20 21 25 71 36 21 25 33 39
leaf_count=56 20 48 37 20 39 20 21 25 71 36 21 25 33 39
internal_value=-0.00185547 -0.0120996 0.0105603 0.00666667 -0.00815451 -0.0158163 -0.00119048 -0.00257353 -0.00927835 0.0185897 0.025 -0.00127119 0.00322581 0.00958904
internal_weight=511 280 231 194 232 97 41 135 96 77 57 117 92 72
internal_count=511 280 231 194 232 97 41 135 96 77 57 117 92 72
is_linear=0
shrinkage=0.05


Tree=52
num_leaves=15
num_cat=1
split_feature=14 1 25 2 25 19 14 12 13 10 23 15 14 19
split_gain=18.0097 7.91146 7.15152 4.96348 4.54769 6.76527 3.95025 5.92031 6.07212 4.02165 3.57847 5.63522 2.91203 2.67947
threshold=70.178571428571445 0 1.0000000180025095e-35 1.0000000180025095e-35 1.0000000180025095e-35 0.96811610824675098 33.464285714285722 37.500000000000007 40.928571428571438 43.500000000000007 29.750000000000004 8.2012418996444758 30.535714285714288 1.0285684751147965
decision_type=2 1 2 2 2 2 2 2 2 2 2 2 2 2
left_child=1 13 3 -2 6 -6 12 -8 9 -9 -10 -12 -3 -1
right_child=2 4 -4 -5 5 -7 7 8 10 -11 11 -13 -14 -15
leaf_value=-0.044252546312674924 0.091807514025769171 -0.0070252509098088119 -0.031295280389975491 0.41173692275015128 -0.096077974891160878 -0.0044443347766172535 0.041394933073537567 -0.0012918256749248514 -0.0073677487672483728 -0.045890503734855953 0.12711557019837194 -0.0020209410863028412 -0.11843786140488675 -0.055606366607917936
leaf_weight=75 63 20 28 43 24 33 40 21 27 20 20 32 22 41
leaf_count=75 63 20 28 43 24 33 40 21 27 20 20 32 22 41
internal_value=-0.00382353 -0.00944149 0.0118519 0.017757 -0.00388889 -0.0163793 -0.000492611 0.00310559 -0.00247934 -0.0178571 0.005625 0.0132075 -0.0139535 -0.019685
internal_weight=509 375 134 106 259 57 202 160 120 41 79 52 42 116
internal_count=509 375 134 106 259 57 202 160 120 41 79 52 42 116
cat_boundaries=0 1
cat_threshold=3
is_linear=0
shrinkage=0.05


Tree=53
num_leaves=15
num_cat=0
split_feature=24 9 11 18 6 18 11 7 12 2 18 6 23 10
split_gain=13.937 12.7988 8.60643 9.10709 7.16196 6.38677 5.8161 5.23625 4.23784 3.90603 3.82819 2.72264 5.24511 3.7619
threshold=1.0000000180025095e-35 92.500000000000014 32.500000000000007 1.171448633995787 140.50000000000003 1.0397309763069749 61.500000000000007 41.500000000000007 32.500000000000007 1.0000000180025095e-35 1.0548697877465003 114.50000000000001 32.350000000000001 50.500000000000007
decision_type=2 2 2 2 2 2 2 2 2 2 2 2 2 2
left_child=1 2 10 4 8 7 -5 9 -4 -2 -1 12 13 -10
right_child=5 -3 3 6 -6 -7 -8 -9 11 -11 -12 -13 -14 -15
leaf_value=-0.062222331115527753 -0.13048240105040279 0.34668640235566672 0.08674947295717815 -0.038611117539703171 -0.053597107991844695 -0.12287269359097586 0.093157667433945879 0.0030080876908900934 -0.10411796177542598 -0.052883759824239721 -0.021987487881592927 0.038096552147567665 0.055986154177572092 0.014036083462186967
leaf_weight=40 23 53 22 36 23 28 26 35 21 23 25 42 101 20
leaf_count=40 23 53 22 36 23 28 26 35 21 23 25 42 101 20
internal_value=-0.00192678 0.00231707 -0.00112045 0.00256849 0.00717391 -0.0177273 -0.0142857 -0.0103659 0.0101449 -0.0212766 -0.0174242 0.00756757 0.0041958 -0.0107143
internal_weight=518 409 356 291 229 109 62 81 206 46 65 184 142 41
internal_count=518 409 356 291 229 109 62 81 206 46 65 184 142 41
is_linear=0
shrinkage=0.05


Tree=54
num_leaves=15
num_cat=1
split_feature=15 10 1 9 17 16 13 25 8 19 10 7 18 4
split_gain=16.2246 8.35003 6.87601 8.62238 13.5598 7.2581 7.74184 6.06132 4.72449 6.2437 3.40815 3.36425 7.89958 3.12337
threshold=9.260736674173133 94.500000000000014 0 31.500000000000004 47.375000000000007 40.500000000000007 40.500000000000007 1.0000000180025095e-35 61.500000000000007 0.99276484048997193 30.500000000000004 87.500000000000014 0.90952666933582471 10.500000000000002
decision_type=2 2 1 2 2 2 2 2 2 2 2 2 2 2
left_child=2 8 3 -1 5 -5 -7 10 9 -2 -4 12 -10 -12
right_child=1 -3 7 4 -6 6 -8 -9 11 -11 13 -13 -14 -15
leaf_value=-0.13293245917164082 -0.012170530828169036 0.34897282024378812 0.0016283306546396759 0.063078294213397612 -0.032060990788678016 -0.023880221633379151 0.075694448674001796 -0.12360804958614047 0.0050517830045732738 0.16381900058246757 -0.00028840101995584181 0.10912450299175323 -0.050390440457990598 -0.037156002986282743
leaf_weight=24 22 49 38 21 24 39 26 37 42 24 25 46 25 80
leaf_count=24 22 49 38 21 24 39 26 37 42 24 25 46 25 80
internal_value=-0.00363289 0.00717703 -0.0107937 -0.00137931 0.0045045 0.0137931 0.00530303 -0.0167539 0.0015625 0.0148936 -0.0128472 -0.00394737 -0.0110294 -0.0174528
internal_weight=522 208 314 134 110 86 65 180 159 46 143 113 67 105
internal_count=522 208 314 134 110 86 65 180 159 46 143 113 67 105
cat_boundaries=0 1
cat_threshold=112
is_linear=0
shrinkage=0.05


Tree=55
num_leaves=15
num_cat=0
split_feature=11 12 24 24 7 16 8 14 19 2 18 13 18 18
split_gain=19.2373 8.51726 7.8705 5.17671 5.19984 5.0251 6.9964 6.38356 4.74157 4.50508 4.74858 4.17893 3.61912 3.5322
threshold=51.500000000000007 31.500000000000004 1.0000000180025095e-35 21.065367615664822 50.500000000000007 116.50000000000001 61.500000000000007 70.178571428571445 0.98767207288780645 1.0000000180025095e-35 1.0758059368017876 92.357142857142875 0.93782216494845372 0.84815546772068517
decision_type=2 2 2 2 2 2 2 2 2 2 2 2 2 2
left_child=1 8 5 4 9 6 -2 -8 -1 13 12 -9 -11 -3
right_child=2 3 -4 -5 -6 -7 7 11 -10 10 -12 -13 -14 -15
leaf_value=-0.11207622102022655 0.19530805498261047 0.0016375922131803833 -0.019404679482371279 -0.089216261708638819 -0.027415458985050559 0.49028831627800784 -0.054015050502949261 0.19314524869925123 -0.07777319213625962 0.025251110587534955 -0.004830949082614922 -0.03439793424784128 0.12591459639790284 -0.024959122768574107
leaf_weight=39 34 25 42 23 24 41 28 41 36 27 32 21 24 81
leaf_count=39 34 25 42 23 24 41 28 41 36 27 32 21 24 81
internal_value=-0.00192678 -0.00977564 0.00985577 -0.00506329 -0.00257009 0.014759 0.0096 0.0021978 -0.0243421 0.000263158 0.00892857 0.0111111 0.0182692 -0.00654206
internal_weight=518 311 207 236 213 165 124 90 75 189 83 62 51 106
internal_count=518 311 207 236 213 165 124 90 75 189 83 62 51 106
is_linear=0
shrinkage=0.05


Tree=56
num_leaves=15
num_cat=0
split_feature=15 24 21 12 15 15 12 16 24 17 17 19 8 12
split_gain=18.3013 9.65971 7.00531 6.88042 6.51812 5.73492 3.95144 9.02185 5.85357 3.8507 6.90174 3.72825 3.64328 3.02918
threshold=9.260736674173133 6.9751272838865601 1.0000000180025095e-35 92.500000000000014 15.068880294411658 16.455562140079888 31.500000000000004 37.500000000000007 6.9751272838865601 47.375000000000007 40.625000000000007 0.9878401689843338 85.500000000000014 39.500000000000007
decision_type=2 2 2 2 2 2 2 2 2 2 2 2 2 2
left_child=2 3 6 4 -2 -6 -1 -8 9 10 13 -3 -7 -9
right_child=1 11 -4 -5 5 12 7 8 -10 -11 -12 -13 -14 -15
leaf_value=-0.097285299401178013 0.12005402747293098 0.0049517909039577647 0.023203386372304281 0.46860964197455746 -0.13167269631263354 0.16229287465135514 0.039856668169439939 -0.0059933080302709387 -0.11885536979381683 -0.034799308714006473 0.080263422210148511 -0.03069623001085944 -0.015135026744977154 -0.017116218470789236
leaf_weight=76 53 20 36 45 20 22 28 71 27 26 21 24 21 28
leaf_count=76 53 20 36 45 20 22 28 71 27 26 21 24 21 28
internal_value=-0.00211946 0.00946602 -0.00971338 0.0151235 0.00854701 -0.00234375 -0.0124101 -0.00866337 -0.012931 -0.00884354 -0.00495868 -0.0111111 0.00795455 -0.0105
internal_weight=518 205 313 161 116 63 277 201 173 146 120 44 43 99
internal_count=518 205 313 161 116 63 277 201 173 146 120 44 43 99
is_linear=0
shrinkage=0.05


Tree=57
num_leaves=15
num_cat=0
split_feature=15 24 12 13 24 18 8 17 8 14 6 17 6 19
split_gain=18.4792 7.72006 7.17482 11.4163 5.93076 5.86873 3.84094 3.67952 5.10203 5.86144 3.6109 5.48766 4.5451 3.87816
threshold=7.488077505020251 1.0000000180025095e-35 31.500000000000004 32.642857142857146 6.9751272838865601 0.81721811757147456 36.500000000000007 101.87500000000001 61.500000000000007 70.178571428571445 123.50000000000001 38.375000000000007 70.500000000000014 1.0127119214661804
decision_type=2 2 2 2 2 2 2 2 2 2 2 2 2 2
left_child=2 7 6 -4 10 -3 -1 8 -2 -10 11 12 -5 -13
right_child=1 5 3 4 -6 -7 -8 -9 9 -11 -12 13 -14 -15
leaf_value=-0.11351658400671437 0.049875706566011146 0.0066052096454873423 0.072302524791651737 0.094511436091590184 -0.10702406553171073 -0.037659467818267706 -0.055113673695491451 0.52202780730262111 -0.051593308093551477 0.097572025257912295 -0.027010318109369536 -0.068716492440039009 -0.036974562856286398 -3.6150103862908621e-05
leaf_weight=53 68 22 31 21 23 29 21 28 37 70 25 28 29 29
leaf_count=53 68 22 31 21 23 29 21 28 37 70 25 28 29 29
internal_value=-0.00291262 0.00666667 -0.0122605 -0.00695187 -0.0125 -0.0105769 -0.0253333 0.0110294 0.00823864 0.00138889 -0.00827068 -0.00416667 0.00784314 -0.0146552
internal_weight=514 254 260 186 155 51 74 203 175 107 132 107 50 57
internal_count=514 254 260 186 155 51 74 203 175 107 132 107 50 57
is_linear=0
shrinkage=0.05


Tree=58
num_leaves=15
num_cat=1
split_feature=5 12 9 15 1 17 8 11 9 19 12 9 11 7
split_gain=18.9869 15.7876 10.3196 6.68398 9.28037 6.63941 7.49838 5.83614 4.65129 4.04158 4.94528 3.76976 3.70423 7.85149
threshold=1.0000000180025095e-35 92.500000000000014 33.500000000000007 18.082482385939418 0 39.125000000000007 43.500000000000007 58.500000000000007 43.500000000000007 0.96128954437274128 53.500000000000007 40.500000000000007 32.500000000000007 40.500000000000007
decision_type=2 2 2 2 1 2 2 2 2 2 2 2 2 2
left_child=1 2 12 4 5 -4 8 -8 -7 11 -11 -6 -1 -14
right_child=-2 -3 3 -5 9 6 7 -9 -10 10 -12 -13 13 -15
leaf_value=-0.10557961772059477 0.3547715128674595 0.28672465831997479 0.039848638886566694 0.052423350333572927 -0.027835005066313201 -0.025495075628263031 0.064768063788461741 -0.02718587046879364 -0.0024003936276002949 -0.011734790042244826 -0.071050697875547186 0.064396938965123593 -0.0079400508276924239 -0.098013507854495974
leaf_weight=48 20 58 26 31 21 26 22 28 26 82 53 22 38 20
leaf_count=48 20 58 26 31 21 26 22 28 26 82 53 22 38 20
internal_value=-0.00373563 -0.00567729 -0.0088964 -0.0045858 -0.00684039 0.00359712 -0.00194175 0.0117647 -0.0150943 -0.0137566 -0.01875 -0.00113636 -0.0224299 -0.0135593
internal_weight=521 501 443 337 306 128 102 50 52 178 135 43 106 58
internal_count=521 501 443 337 306 128 102 50 52 178 135 43 106 58
cat_boundaries=0 1
cat_threshold=52
is_linear=0
shrinkage=0.05


Tree=59
num_leaves=15
num_cat=0
split_feature=15 12 24 8 17 17 17 9 19 12 18 9 17 18
split_gain=14.7329 8.40075 7.77263 6.40782 5.21236 5.43548 5.69213 7.34213 5.42781 8.17885 3.34091 2.95544 2.99205 2.78084
threshold=9.260736674173133 92.500000000000014 1.0000000180025095e-35 61.500000000000007 48.125000000000007 30.375000000000004 36.125000000000007 41.500000000000007 1.0171153236846671 31.500000000000004 1.0758059368017876 34.500000000000007 37.875000000000007 1.0712941797081064
decision_type=2 2 2 2 2 2 2 2 2 2 2 2 2 2
left_child=4 2 3 -2 5 -1 8 11 9 -7 -9 -8 -13 -11
right_child=1 -3 -4 -5 -6 6 7 10 -10 13 -12 12 -14 -15
leaf_value=-0.10613971007317709 0.16274535385659253 0.27297968346194174 -0.027918203590210314 -0.0062740284524544169 -0.036252296871818857 -0.039425689938914849 -0.091675881709262802 0.018242265371774737 -0.022858092147181708 0.0028692024754263913 -0.025073062701788731 -0.04999856863524741 -0.0045655373275891977 0.056293149357386163
leaf_weight=42 32 58 30 83 25 22 21 43 33 20 21 22 35 23
leaf_count=42 32 58 30 83 25 22 21 43 33 20 21 22 35 23
internal_value=-0.00430528 0.00612745 -0.000342466 0.00560345 -0.0112013 -0.00918728 -0.00622407 -0.0125874 0.0030303 0.0113636 0 -0.0227848 -0.0163793 0.0238636
internal_weight=510 203 145 115 307 282 240 142 98 65 64 78 57 43
internal_count=510 203 145 115 307 282 240 142 98 65 64 78 57 43
is_linear=0
shrinkage=0.05


Tree=60
num_leaves=15
num_cat=0
split_feature=15 4 15 11 4 9 12 24 20 17 23 15 8 19
split_gain=19.0243 5.91795 5.60196 5.57692 5.01344 4.98855 6.11562 4.65661 4.47854 4.604 4.14475 7.4362 5.08651 3.75349
threshold=7.488077505020251 24.500000000000004 19.15599919747795 34.500000000000007 3.5000000000000004 92.500000000000014 39.500000000000007 6.4908171041072009 135.00000000000003 36.125000000000007 25.950000000000003 10.383136511166738 61.500000000000007 1.0182791586157476
decision_type=2 2 2 2 2 2 2 2 2 2 2 2 2 2
left_child=1 4 5 -3 -1 6 -2 8 -6 -10 -8 -12 -13 -14
right_child=2 3 -4 -5 7 -7 10 -9 9 -11 11 12 13 -15
leaf_value=0.0094442334120847359 0.015805827115980976 -0.0090732193252247139 0.094269778668382653 0.030892713986092168 -0.036213032623991025 0.25433561011581601 -0.071257038115135535 -0.084230203358104216 0.0070779849360775417 -0.023819409566699437 -0.017009232884021942 0.15920538293067549 0.005943928111318897 -0.020953956156662915
leaf_weight=28 21 27 28 24 58 53 35 36 31 51 35 24 41 25
leaf_count=28 21 27 28 24 58 53 35 36 31 51 35 24 41 25
internal_value=-0.00260618 -0.0123047 0.00684411 0.00288462 -0.0160976 0.00425532 0.000274725 -0.019209 -0.0148936 -0.00722892 -0.00310559 0.00119048 0.00879121 0.00149254
internal_weight=517 255 262 51 204 234 181 176 140 82 160 125 90 66
internal_count=517 255 262 51 204 234 181 176 140 82 160 125 90 66
is_linear=0
shrinkage=0.05


Tree=61
num_leaves=15
num_cat=0
split_feature=17 9 23 23 7 24 15 7 19 7 7 19 13 9
split_gain=11.2339 6.79845 5.86184 4.4755 4.17691 5.10647 4.50138 7.3005 3.55376 3.13035 3.11082 2.64051 4.16207 3.00273
threshold=29.625000000000004 92.500000000000014 32.350000000000001 33.95000000000001 30.500000000000004 1.0000000180025095e-35 10.383136511166738 44.500000000000007 1.0158381940158863 30.500000000000004 35.500000000000007 1.0060862159935575 39.785714285714292 41.500000000000007
decision_type=2 2 2 2 2 2 2 2 2 2 2 2 2 2
left_child=-1 2 9 -3 -4 6 7 10 -8 -2 -6 13 -13 -11
right_child=1 3 4 -5 5 -7 8 -9 -10 11 -12 12 -14 -15
leaf_value=-0.14341238787589 -0.036208291519328119 0.25951057855687765 0.037358144924240479 -0.0073859954333741484 -0.0036622775210854996 -0.040257399460943338 0.25300716058015205 -0.031457784481769661 0.10749245211211296 -0.021998433230148075 0.054910653144473187 0.028979985659146126 -0.048011151548036327 0.018580983403225736
leaf_weight=29 22 38 23 23 23 38 20 38 22 38 50 21 67 46
leaf_count=29 22 38 23 23 23 38 20 38 22 38 50 21 67 46
internal_value=-0.00200401 -0.000106383 -0.00244499 0.0153226 0.00325581 0.00078125 0.00487013 -0.000446429 0.0186047 -0.00871795 0.00878378 -0.00635838 -0.0123596 0
internal_weight=498 469 408 61 214 191 153 111 42 194 73 172 88 84
internal_count=498 469 408 61 214 191 153 111 42 194 73 172 88 84
is_linear=0
shrinkage=0.05


Tree=62
num_leaves=15
num_cat=0
split_feature=9 24 18 7 9 8 14 15 9 3 20 4 4 13
split_gain=11.066 7.84975 5.94331 9.72196 5.51627 8.34896 5.59883 5.0251 3.93005 3.71129 2.6515 2.19967 3.39141 2.16737
threshold=92.500000000000014 1.0000000180025095e-35 0.83387520918001445 36.500000000000007 39.500000000000007 61.500000000000007 70.178571428571445 10.383136511166738 47.500000000000007 6.5000000000000009 200.00000000000003 17.500000000000004 8.5000000000000018 29.642857142857149
decision_type=2 2 2 2 2 2 2 2 2 2 2 2 2 2
left_child=1 4 -3 -4 13 7 -7 8 10 -8 -6 12 -2 -1
right_child=11 2 3 -5 5 6 9 -9 -10 -11 -12 -13 -14 -15
leaf_value=0.0022052876662332467 0.36387159628780386 0.00030231365466093507 -0.020737480364094375 -0.11145433365003683 0.0017023822685438006 -0.0667294821473952 0.13318110363785038 0.17202068069580589 -0.010600527804478866 -0.048837581195854796 0.076959326350004534 0.24820200727804292 -0.055633848585465273 -0.014585882015732566
leaf_weight=23 20 29 31 35 29 31 29 22 28 30 27 25 20 143
leaf_count=23 20 29 31 35 29 31 29 22 28 30 27 25 20 143
internal_value=-0.00172084 -0.00447598 -0.0171875 -0.0253731 -0.00110193 0.00456853 -0.00659341 0.0140187 0.00823529 0.0025 0.0157895 0.0174242 0.0097561 -0.00778443
internal_weight=522 457 95 66 362 196 90 106 84 59 56 65 40 166
internal_count=522 457 95 66 362 196 90 106 84 59 56 65 40 166
is_linear=0
shrinkage=0.05


Tree=63
num_leaves=15
num_cat=1
split_feature=9 1 14 24 19 16 19 9 24 9 12 16 8 18
split_gain=16.506 7.36502 8.1306 7.10169 5.61882 4.67692 3.53319 5.35941 4.34689 3.82134 5.43169 6.92494 4.84822 3.11795
threshold=76.500000000000014 0 32.678571428571438 13.306782364209514 0.98433722274781899 116.50000000000001 0.98829952486214079 31.500000000000004 9.7374822177351099 40.500000000000007 32.500000000000007 45.500000000000007 82.500000000000014 1.0922130230476619
decision_type=2 1 2 2 2 2 2 2 2 2 2 2 2 2
left_child=1 2 -1 5 -4 13 7 -3 -9 10 -8 -12 -11 -2
right_child=3 6 4 -5 -6 -7 9 8 -10 12 11 -13 -14 -15
leaf_value=-0.092536992818420677 -0.0017951857190094955 0.0017614587436079355 0.028802211205809416 -0.040426900392309055 -0.00089839838934757665 0.39202098996206236 0.012028607740479558 -0.090806069872156669 -0.024393130869029812 0.018086560244414331 -0.0061303548385659217 -0.064321526087567096 -0.03053632930258985 0.27442498902407453
leaf_weight=30 38 20 49 22 74 39 20 45 20 42 25 29 23 26
leaf_count=30 38 20 49 22 74 39 20 45 20 42 25 29 23 26
internal_value=-0.00337972 -0.00859788 0.000304878 0.0123016 0.00604839 0.0177885 -0.0140426 -0.0226744 -0.0295455 -0.00964286 -0.0173333 -0.0254545 -0.000757576 0.00923077
internal_weight=502 377 153 125 123 103 224 85 65 139 74 54 65 64
internal_count=502 377 153 125 123 103 224 85 65 139 74 54 65 64
cat_boundaries=0 1
cat_threshold=56
is_linear=0
shrinkage=0.05


Tree=64
num_leaves=15
num_cat=1
split_feature=1 6 15 11 19 4 14 4 12 7 15 14 20 24
split_gain=10.0538 7.43084 7.24695 7.5903 6.95209 6.21002 4.61423 4.71925 6.69408 3.89227 5.46106 3.75693 3.40326 3.39676
threshold=0 48.500000000000007 9.1417317280470112 49.500000000000007 0.95864567360038311 19.500000000000004 32.678571428571438 17.500000000000004 37.500000000000007 83.500000000000014 5.9321547587013761 43.035714285714299 135.00000000000003 7.5188644930363164
decision_type=1 2 2 2 2 2 2 2 2 2 2 2 2 2
left_child=1 13 3 6 11 12 -2 8 -8 10 -7 -3 -6 -1
right_child=2 4 -4 -5 5 9 7 -9 -10 -11 -12 -13 -14 -15
leaf_value=-0.0095856111988583247 -0.044436232787157692 0.00022951709138503419 0.10761555464553965 -0.013643156617845521 -0.0079809393276697449 0.020407202038449059 0.072147337804874576 0.051771231029980672 -0.020280374588371688 0.2037617510941864 -0.044107925241953977 0.09702705565992549 -0.045077158286169094 -0.091113542368719269
leaf_weight=30 29 33 90 25 52 27 25 25 28 21 34 20 67 22
leaf_count=30 29 33 90 25 52 27 25 25 28 21 34 20 67 22
internal_value=-0.00151229 -0.00725552 0.00643777 -0.00075188 -0.00392157 -0.00816832 0.00509259 0.0113924 0.00277778 0.00240964 -0.00403226 0.012037 -0.0154167 -0.0245283
internal_weight=528 306 222 132 254 201 107 78 53 82 61 53 119 52
internal_count=528 306 222 132 254 201 107 78 53 82 61 53 119 52
cat_boundaries=0 1
cat_threshold=75
is_linear=0
shrinkage=0.05


Tree=65
num_leaves=15
num_cat=0
split_feature=12 23 23 4 10 7 24 16 15 19 10 24 9 19
split_gain=8.64841 5.87892 7.34675 7.48886 5.79959 3.14299 4.94507 3.66464 4.30105 3.88235 5.55172 2.80019 2.39403 9.26556
threshold=92.500000000000014 23.050000000000001 26.350000000000005 20.500000000000004 30.500000000000004 31.500000000000004 1.0000000180025095e-35 50.500000000000007 5.4554315440985892 1.0060862159935575 51.500000000000007 6.2036340415127738 44.500000000000007 0.99265604774917315
decision_type=2 2 2 2 2 2 2 2 2 2 2 2 2 2
left_child=1 -1 11 5 -5 -4 7 8 -7 -9 -11 -3 13 -6
right_child=-2 2 3 4 12 6 -8 9 -10 10 -12 -13 -14 -15
leaf_value=0.037631398797667082 0.19940979157898797 -0.036669115507307559 0.0034513201323879807 -0.07985719351972094 0.077092512000884031 -0.014247694832819492 -0.092474749575296056 0.010919135951256466 -0.040253553962525682 0.03181226019602601 -0.056921763366707984 -0.05096177811314178 0.10043279623590849 -0.027082304482337529
leaf_weight=28 61 74 34 21 21 38 33 33 24 28 25 21 48 30
leaf_count=28 61 74 34 21 21 38 33 33 24 28 25 21 48 30
internal_value=-0.00221154 -0.00457516 -0.00603248 -0.00252976 0.00743802 -0.00810185 -0.0107143 -0.00671141 -0.015873 0 -0.00833333 -0.0182292 0.0125 0.00480769
internal_weight=519 458 430 335 120 215 181 148 62 86 53 95 99 51
internal_count=519 458 430 335 120 215 181 148 62 86 53 95 99 51
is_linear=0
shrinkage=0.05


Tree=66
num_leaves=15
num_cat=1
split_feature=25 1 18 18 18 9 14 12 15 14 4 14 4 4
split_gain=9.7522 7.33235 7.51761 6.67045 5.82129 5.62672 4.47547 5.51935 3.94819 3.55376 3.07253 4.66083 3.02579 3.41342
threshold=1.0000000180025095e-35 0 0.84815546772068517 0.99774944930913334 0.923169191919192 49.500000000000007 43.821428571428577 39.500000000000007 3.817254061682108 38.607142857142868 13.500000000000002 35.035714285714292 17.500000000000004 11.500000000000002
decision_type=2 1 2 2 2 2 2 2 2 2 2 2 2 2
left_child=1 4 -3 5 -1 9 7 8 -4 -2 -10 -12 13 -8
right_child=3 2 6 -5 -6 -7 12 -9 10 -11 11 -13 -14 -15
leaf_value=-0.023541171296073495 -0.036268028093523967 0.0075978492962233803 -0.11979568120917375 -0.083720890648002921 0.071746001779407473 0.0067690333941946793 0.0014501443702169326 -0.031685789583061563 0.024319682566600956 -0.095309396937398205 0.0039329289742076057 -0.037398687953034582 0.067114607699248555 -0.061344704142947397
leaf_weight=24 22 54 20 35 89 40 32 46 30 20 24 23 34 23
leaf_count=24 22 54 20 35 89 40 32 46 30 20 24 23 34 23
internal_value=-0.00135397 0.002375 -0.0020202 -0.0139831 0.0125 -0.0060241 -0.00600858 -0.0114583 -0.00459184 -0.0186047 0.000641026 -0.00729167 0.00277778 -0.00446429
internal_weight=516 399 286 117 113 82 232 143 97 42 77 47 89 55
internal_count=516 399 286 117 113 82 232 143 97 42 77 47 89 55
cat_boundaries=0 1
cat_threshold=40
is_linear=0
shrinkage=0.05


Tree=67
num_leaves=15
num_cat=0
split_feature=14 14 12 10 18 4 4 18 12 15 10 18 4 7
split_gain=14.3706 5.76028 5.54414 4.87096 4.14881 4.06146 5.55344 6.3402 4.86035 4.87013 3.70407 4.15928 4.06004 3.0495
threshold=41.035714285714292 38.107142857142868 31.500000000000004 35.500000000000007 0.9472136222910218 20.500000000000004 5.5000000000000009 0.96506716476192966 51.500000000000007 15.924669929152543 34.500000000000007 1.0420765957446811 18.500000000000004 87.500000000000014
decision_type=2 2 2 2 2 2 2 2 2 2 2 2 2 2
left_child=1 2 -1 -3 -5 6 -2 8 -8 -10 12 -12 -4 -9
right_child=5 3 10 4 -6 -7 7 13 9 -11 11 -13 -14 -15
leaf_value=-0.072292550632395619 0.11787059267931888 -0.058326191797593907 -0.00072542920007476761 -0.049778912607175665 0.00015619388377814404 0.045292148645949659 -0.01347201646328209 -0.070435772216107043 0.20566752870463603 0.0033566806756729407 0.0040756323155882518 -0.039159446712975311 0.043766704280907481 -0.020981552098797707
leaf_weight=62 52 25 20 20 23 102 23 41 21 20 31 23 25 36
leaf_count=62 52 25 20 20 23 102 23 41 21 20 31 23 25 36
internal_value=-0.00171429 -0.011087 -0.0058642 -0.0231884 -0.0125 0.00557432 0.00128866 -0.00387324 0.00769231 0.0178571 0.0015 -0.00727273 0.0119565 -0.0134615
internal_weight=524 229 161 68 43 295 193 141 64 41 99 54 45 77
internal_count=524 229 161 68 43 295 193 141 64 41 99 54 45 77
is_linear=0
shrinkage=0.05


Tree=68
num_leaves=15
num_cat=1
split_feature=15 13 10 8 19 13 11 8 13 1 3 23 11 19
split_gain=8.67054 8.20049 5.53045 6.74383 5.6986 6.49502 9.50449 4.1564 3.85841 3.43436 3.21747 2.84379 4.56922 2.67407
threshold=9.260736674173133 45.642857142857146 94.500000000000014 84.500000000000014 0.97993109003042789 66.214285714285737 75.500000000000014 98.500000000000014 42.928571428571438 0 6.5000000000000009 24.850000000000005 38.500000000000007 0.97730863592627715
decision_type=2 2 2 2 2 2 2 2 2 1 2 2 2 2
left_child=1 8 3 4 -2 -6 -7 -5 9 -1 -4 -11 13 -13
right_child=2 -3 10 7 5 6 -8 -9 -10 11 -12 12 -14 -15
leaf_value=-0.0010801697055310201 -0.024752797455345112 -0.046513738964710429 0.34664102551303988 -0.064411236036256633 0.11615306027592426 -0.03103771384116101 0.20914064913826957 0.0019115362594387621 0.025317392780013749 0.001042852221171131 0.18343226756005393 -3.4738539661116621e-05 -0.074648661456739873 -0.055409882207714395
leaf_weight=107 28 20 21 27 21 26 24 30 37 25 29 36 31 53
leaf_count=107 28 20 21 27 21 26 24 30 37 25 29 36 31 53
internal_value=-0.00261628 -0.00790323 0.00531401 0.000636943 0.0085 0.0159722 0.00588235 -0.012931 -0.00568966 -0.00790514 0.0196078 -0.0125 -0.0165289 -0.0105556
internal_weight=515 309 206 156 99 71 50 57 289 252 50 145 120 89
internal_count=515 309 206 156 99 71 50 57 289 252 50 145 120 89
cat_boundaries=0 1
cat_threshold=104
is_linear=0
shrinkage=0.05


Tree=69
num_leaves=15
num_cat=0
split_feature=24 13 15 7 10 6 7 15 4 20 4 10 6 23
split_gain=13.4515 11.1368 7.99761 8.90576 4.908 4.93025 4.79642 4.68821 4.52833 4.09858 3.84765 3.60505 3.02459 3.22935
threshold=6.2036340415127738 34.500000000000007 9.260736674173133 50.500000000000007 63.500000000000007 100.50000000000001 97.500000000000014 14.97855557338495 17.500000000000004 200.00000000000003 19.500000000000004 33.500000000000007 78.500000000000014 27.000000000000004
decision_type=2 2 2 2 2 2 2 2 2 2 2 2 2 2
left_child=2 -2 3 9 8 -6 -7 -3 -4 10 12 -12 -1 -14
right_child=1 7 4 -5 5 6 -8 -9 -10 -11 11 -13 13 -15
leaf_value=-0.0033355720929991507 0.033772524639292721 -0.076564528040446334 -0.020094159874669518 -0.036750694367477625 0.24175183894399838 0.16912708318912772 -0.10412145515144929 -0.0078507646540154855 0.03510518290577043 0.0069748157445435055 0.044310761939426159 -0.003195407050979782 -0.030109621235735864 -0.092247461726072552
leaf_weight=40 20 55 23 21 62 38 20 24 26 67 35 31 38 27
leaf_count=40 20 55 23 21 62 38 20 24 26 67 35 31 38 27
internal_value=-0.00198864 -0.0185 0.0018648 -0.00365385 0.0102941 0.0157025 0.00508475 -0.026875 -0.003 -0.00083682 -0.00494186 0.00447761 -0.0108491 -0.0174242
internal_weight=527 99 428 259 169 120 58 79 49 238 171 66 105 65
internal_count=527 99 428 259 169 120 58 79 49 238 171 66 105 65
is_linear=0
shrinkage=0.05


Tree=70
num_leaves=15
num_cat=0
split_feature=24 17 19 21 4 11 19 11 4 12 7 24 19 19
split_gain=9.72384 8.16964 8.98493 4.66757 4.70617 6.06401 4.97859 3.47099 3.39125 8.6736 9.61772 3.55963 3.38783 3.94365
threshold=26.131511687565467 95.875000000000014 0.92439313593096417 1.0000000180025095e-35 20.500000000000004 33.500000000000007 1.043162514603265 49.500000000000007 5.5000000000000009 30.500000000000004 33.500000000000007 1.0000000180025095e-35 1.0202009606713189 0.98948058927668192
decision_type=2 2 2 2 2 2 2 2 2 2 2 2 2 2
left_child=1 2 -1 4 8 -6 7 -7 -4 -10 -11 12 13 -12
right_child=-2 -3 3 -5 5 6 -8 -9 9 10 11 -13 -14 -15
leaf_value=0.0067817869193167015 -0.050279924966007888 0.19788504599372203 -0.00084099674201727488 0.0034455806343185458 -0.019560877497317719 0.035589193409478879 -0.02894652760032166 0.11879461925028566 -0.13742006912011223 0.0085382322713890343 -0.030828677797379814 -0.098220791001597085 -0.047997241125849403 0.0060222983897279649
leaf_weight=20 31 43 66 39 34 31 30 37 22 31 38 22 27 23
leaf_count=20 31 43 66 39 34 31 30 37 22 31 38 22 27 23
internal_value=-0.0030303 -0.00118534 -0.00332542 -0.00498753 -0.00676796 0.00075188 0.00707071 0.0144928 -0.011087 -0.014939 -0.0102113 -0.0171171 -0.0123596 -0.00564516
internal_weight=494 463 420 400 361 132 98 68 229 163 141 110 88 61
internal_count=494 463 420 400 361 132 98 68 229 163 141 110 88 61
is_linear=0
shrinkage=0.05


Tree=71
num_leaves=15
num_cat=1
split_feature=23 21 23 12 16 1 8 18 18 11 23 10 10 19
split_gain=5.81504 6.75227 5.97496 5.47916 6.70633 6.25291 6.94617 4.3216 3.63991 3.54086 4.03668 3.20079 2.39616 2.48908
threshold=23.050000000000001 1.0000000180025095e-35 24.550000000000004 31.500000000000004 38.500000000000007 0 93.500000000000014 0.83715567742739638 0.91361129136924091 42.500000000000007 37.350000000000009 82.500000000000014 35.500000000000007 1.0202009606713189
decision_type=2 2 2 2 2 1 2 2 2 2 2 2 2 2
left_child=-1 2 -2 -4 -5 8 7 -7 -6 -10 -11 -8 -9 -14
right_child=1 -3 3 4 5 6 11 12 9 10 -12 -13 13 -15
leaf_value=0.09599981303644399 -0.14916480960924047 0.038621692898798625 -0.054743990895236384 0.037637379784693441 -0.046723365984822254 0.0045355249475321994 -0.043030336268114415 -0.0017913419934473041 -0.0064739029933095441 0.093091849689396974 0.026580198735601357 0.29377522050007343 -0.022319099432555591 -0.046609471962514352
leaf_weight=28 21 40 70 27 39 30 23 32 26 41 25 29 56 28
leaf_count=28 21 40 70 27 39 30 23 32 26 41 25 29 56 28
internal_value=-0.00106589 -0.00235656 -0.00412946 -0.0028103 -0.000280112 -0.00227273 -0.0076555 -0.0136054 0.00598592 0.011828 0.0179104 0.00754717 -0.0179487 -0.0223529
internal_weight=515 487 447 426 356 329 198 146 131 92 66 52 116 84
internal_count=515 487 447 426 356 329 198 146 131 92 66 52 116 84
cat_boundaries=0 1
cat_threshold=56
is_linear=0
shrinkage=0.05


Tree=72
num_leaves=15
num_cat=0
split_feature=17 18 17 10 12 13 23 17 15 18 2 15 10 10
split_gain=10.4927 3.46358 5.55575 6.4031 5.1938 4.96712 4.26116 6.41618 5.91331 4.17506 3.86382 4.73389 5.93152 3.96292
threshold=92.875000000000014 1.0633816614420064 36.875000000000007 31.500000000000004 88.500000000000014 40.928571428571438 23.800000000000004 77.125000000000014 16.131861110181323 1.1176435969868177 1.0000000180025095e-35 5.0521072151542237 43.500000000000007 33.500000000000007
decision_type=2 2 2 2 2 2 2 2 2 2 2 2 2 2
left_child=1 4 3 -3 6 -4 -1 8 10 -7 13 -12 -13 -8
right_child=-2 2 5 -5 -6 9 7 -9 -10 -11 11 12 -14 -15
leaf_value=0.031044867226101048 0.16805676971361266 -0.048954058345605934 -0.056280890114027926 0.016553544094695737 0.3141191234006584 -0.099847149650435091 0.0035723935875070726 -0.0472545251856527 0.049120174404026079 -0.00080858242743637738 -0.044387197685581019 0.051538125411694939 -0.0043667763104000556 -0.041796556576432491
leaf_weight=25 56 24 27 34 20 23 44 24 25 61 29 26 26 78
leaf_count=25 56 24 27 34 20 23 44 24 25 61 29 26 26 78
internal_value=-0.000956023 -0.00342612 -0.00911765 0.00338983 -0.000167785 -0.015625 -0.00197842 -0.00395257 -0.00131004 -0.00941176 -0.00416667 0.00426829 0.0132075 -0.0097561
internal_weight=522 466 169 58 297 111 277 252 228 84 203 81 52 122
internal_count=522 466 169 58 297 111 277 252 228 84 203 81 52 122
is_linear=0
shrinkage=0.05


Tree=73
num_leaves=15
num_cat=1
split_feature=24 18 17 19 1 15 18 9 19 12 13 17 4 17
split_gain=9.11786 9.38659 6.47187 4.26603 3.18193 7.11438 4.96082 4.26715 4.81451 4.0015 5.38642 5.2663 4.16489 3.66167
threshold=6.9751272838865601 1.0212862356149037 96.875000000000014 1.0724887112147161 0 5.8390999694918113 1.029970372680493 48.500000000000007 1.0009996777485901 80.500000000000014 64.571428571428598 46.875000000000007 19.500000000000004 35.125000000000007
decision_type=2 2 2 2 1 2 2 2 2 2 2 2 2 2
left_child=2 -2 3 4 5 6 -1 -7 -9 10 11 12 -6 -14
right_child=1 -3 -4 -5 9 7 -8 8 -10 -11 -12 -13 13 -15
leaf_value=-0.072481933699109477 -0.0079933291765829761 -0.071612149703523906 0.17825894527157474 -0.042431780974913028 -0.016050245398121277 0.024744925042566382 0.027880369686803519 -0.026296631705404395 0.17547544135841664 -0.065992868915248692 0.098281498868518655 -0.034758110414930599 0.00064944039512617737 0.0045729704521622954
leaf_weight=25 70 21 37 33 89 27 23 20 32 29 38 29 26 23
leaf_count=25 70 21 37 33 89 27 23 20 32 29 38 29 26 23
internal_value=-0.000382409 -0.0146739 0.00266204 0.000759494 0.00234807 0.00833333 -0.00612245 0.018125 0.00943396 -0.00122449 0.00121359 -0.00267857 0.00143885 0.013
internal_weight=522 91 431 394 361 127 48 79 52 234 205 167 138 49
internal_count=522 91 431 394 361 127 48 79 52 234 205 167 138 49
cat_boundaries=0 1
cat_threshold=56
is_linear=0
shrinkage=0.05


Tree=74
num_leaves=15
num_cat=1
split_feature=25 13 9 19 1 14 15 7 19 19 6 19 19 23
split_gain=7.09938 6.36329 6.19703 5.75905 5.50356 9.9295 5.21134 4.73714 4.55099 8.53709 5.99035 5.74536 4.06918 4.98625
threshold=1.0000000180025095e-35 35.642857142857146 98.500000000000014 1.0724887112147161 0 32.678571428571438 12.90528282315889 38.500000000000007 0.98529405274191773 1.0194438082149948 78.500000000000014 1.0322434473082238 0.97368265693283529 38.000000000000007
decision_type=2 2 2 2 1 2 2 2 2 2 2 2 2 2
left_child=2 -2 3 4 5 -1 7 -3 10 -10 -6 -11 -7 -14
right_child=1 6 -4 -5 8 12 -8 -9 9 11 -12 -13 13 -15
leaf_value=-0.074008561703690745 0.0090006909863012304 -0.04093960999059601 0.36590776549149595 -0.040310191926167249 0.0043817921098696644 0.12456197384758134 -0.0060804408841164566 -0.091740259515407374 0.025921382852123288 -0.034981062781448816 -0.058199647422036455 0.00039978445244308607 0.10856610717591053 -0.044064256778703209
leaf_weight=21 25 26 31 33 22 33 35 20 58 24 51 55 55 28
leaf_count=21 25 26 31 33 22 33 35 20 58 24 51 55 55 28
internal_value=-0.000675676 -0.0121495 0.00230583 0.000524934 0.00244253 0.0097973 -0.0189024 -0.0297872 -0.00271493 0.00253623 -0.0128378 -0.008125 0.0162393 0.010119
internal_weight=517 106 411 380 347 137 81 46 210 137 73 79 116 83
internal_count=517 106 411 380 347 137 81 46 210 137 73 79 116 83
cat_boundaries=0 1
cat_threshold=56
is_linear=0
shrinkage=0.05


Tree=75
num_leaves=15
num_cat=0
split_feature=4 18 17 2 19 4 13 20 24 19 15 9 19 13
split_gain=11.6366 6.28753 5.41887 4.5338 5.49674 5.36837 3.63705 4.79115 3.43171 3.30518 3.0657 2.84706 2.76408 5.86873
threshold=20.500000000000004 1.1335216572504709 91.625000000000014 1.0000000180025095e-35 0.99773431564210047 16.500000000000004 32.642857142857146 135.00000000000003 9.7374822177351099 0.95219201324711833 5.8227795686220043 50.500000000000007 1.0364068578014698 43.214285714285722
decision_type=2 2 2 2 2 2 2 2 2 2 2 2 2 2
left_child=1 3 6 5 9 8 -2 -8 -1 -5 -9 -6 13 -12
right_child=2 -3 -4 4 11 -7 7 10 -10 -11 12 -13 -14 -15
leaf_value=0.0065471213585105662 0.085312224595856287 -0.032333204530153738 0.23525271846318463 0.015159130154734158 0.0015061281414812556 -0.084153778228930068 -0.040645835541550213 0.015754523669891895 -0.086687171706966742 -0.01019424195371137 -0.0063691596841632505 0.38301878895776653 -0.050686733901841668 0.0431880273546323
leaf_weight=96 21 75 20 25 25 31 33 21 29 41 22 22 27 29
leaf_count=96 21 75 20 25 25 31 33 21 29 41 22 22 27 29
internal_value=-0.00106178 -0.00637681 0.00948276 -0.00277778 0.00482456 -0.00828025 0.00616883 0.00300752 -0.00357143 -0.00447761 0.0085 0.0177083 0.00379747 0.0105769
internal_weight=517 344 173 269 113 156 153 132 125 66 99 47 78 51
internal_count=517 344 173 269 113 156 153 132 125 66 99 47 78 51
is_linear=0
shrinkage=0.05


Tree=76
num_leaves=15
num_cat=0
split_feature=4 18 9 19 9 8 4 9 17 6 6 14 4 9
split_gain=7.8918 6.01942 4.95871 5.156 4.10884 3.97748 5.09857 4.07564 6.67962 3.4255 3.93646 3.03385 2.38584 2.89084
threshold=20.500000000000004 1.1335216572504709 32.500000000000007 1.0452085479308713 30.500000000000004 86.500000000000014 15.500000000000002 50.500000000000007 62.875000000000007 77.500000000000014 105.50000000000001 33.464285714285722 25.500000000000004 43.500000000000007
decision_type=2 2 2 2 2 2 2 2 2 2 2 2 2 2
left_child=1 2 11 5 -2 6 7 9 -9 -4 -11 -1 13 -6
right_child=4 -3 3 -5 12 -7 -8 8 -10 10 -12 -13 -14 -15
leaf_value=-0.11028125158551615 -0.0071933393091576647 -0.030716544303646034 0.0041693765483561407 0.11289617194328533 0.0091796591980706672 -0.081773807423977732 0.0069566175390400886 0.066767231881949135 -0.030927111782598618 -0.063746357652805938 -0.0026668010322644879 -0.026665671875643684 0.0018540017675162447 0.092137361660159914
leaf_weight=25 24 69 28 30 31 37 25 23 27 21 27 24 78 41
leaf_count=25 24 69 28 30 31 37 25 23 27 21 27 24 78 41
internal_value=-0.00176125 -0.00623145 -0.00279851 0.000456621 0.00685714 -0.0026455 0.000986842 -0.00314961 0.00784314 -0.0103896 -0.0183673 -0.017 0.00993377 0.0164384
internal_weight=510 336 267 218 174 188 151 126 50 76 48 49 150 72
internal_count=510 336 267 218 174 188 151 126 50 76 48 49 150 72
is_linear=0
shrinkage=0.05


Tree=77
num_leaves=15
num_cat=0
split_feature=17 6 16 24 18 9 19 23 4 8 8 14 16 11
split_gain=4.88994 4.0136 4.11879 5.65017 8.38283 7.31739 3.58125 5.30329 3.57489 4.78054 3.83158 5.53714 5.22854 3.54708
threshold=29.625000000000004 140.50000000000003 44.500000000000007 1.0000000180025095e-35 0.99774944930913334 50.500000000000007 1.0308705127216926 32.350000000000001 17.500000000000004 47.500000000000007 61.500000000000007 43.178571428571438 107.00000000000001 43.500000000000007
decision_type=2 2 2 2 2 2 2 2 2 2 2 2 2 2
left_child=-1 2 -2 6 5 -5 8 -8 10 -10 11 -4 -12 -9
right_child=1 -3 3 4 -6 -7 7 13 9 -11 12 -13 -14 -15
leaf_value=-0.076613567196978677 0.011896821814798742 -0.049906382734208422 -0.0030491452254160834 -0.055995465981330032 -0.083470871918291153 0.010624312181461804 -0.048861319347150815 -0.0058388244259589333 -0.0035454664751805257 0.12444819604749391 -0.051217113820922582 0.014204396105051488 0.18453354158367363 0.081747771122370777
leaf_weight=34 99 29 29 24 22 34 45 21 24 49 23 20 21 34
leaf_count=34 99 29 29 24 22 34 45 21 24 49 23 20 21 34
internal_value=-0.00196464 -0.000631579 0.000560538 -0.00201729 -0.0135802 -0.00338983 0.00149813 -0.00594059 0.00598802 0.0141892 -0.000531915 0.009 -0.0111111 0.00446429
internal_weight=508 474 445 346 80 58 266 100 166 73 93 49 44 55
internal_count=508 474 445 346 80 58 266 100 166 73 93 49 44 55
is_linear=0
shrinkage=0.05


Tree=78
num_leaves=15
num_cat=0
split_feature=12 24 18 2 11 15 11 9 12 18 6 18 4 17
split_gain=7.25373 5.29663 4.32733 4.78507 10.9313 4.66115 5.22976 4.03891 6.58872 6.45767 7.77455 5.04579 5.91964 3.50096
threshold=31.500000000000004 26.736034575911624 1.275178335049272 1.0000000180025095e-35 86.500000000000014 4.4266500723113973 42.500000000000007 76.500000000000014 62.500000000000007 0.86489521157713389 114.50000000000001 0.98486461732211361 14.500000000000002 33.375000000000007
decision_type=2 2 2 2 2 2 2 2 2 2 2 2 2 2
left_child=13 2 3 4 7 -5 -7 8 9 -2 11 -11 -13 -1
right_child=1 -3 -4 5 -6 6 -8 -9 -10 10 -12 12 -14 -15
leaf_value=-0.058061991899484515 0.011301980724058858 -0.080914716941471898 -0.027833479617615356 0.060261547550645389 -0.094231241177501354 -0.014272731443351462 0.046458003863701337 0.17685402077165835 -0.064712458527683481 -0.082051762539327736 0.017505996451669149 0.012517659564020534 -0.026619861397417566 -0.068572835282084826
leaf_weight=49 49 22 27 26 21 35 109 20 21 28 27 20 27 26
leaf_count=49 49 22 27 26 21 35 109 20 21 28 27 20 27 26
internal_value=-0.000885827 0.00161663 0.00291971 0.00429688 -0.000700935 0.0105263 0.00689655 0.00310881 0.000578035 0.00427632 -0.00291262 -0.0111842 -0.00104167 -0.0151316
internal_weight=507 432 410 383 213 170 144 192 172 151 102 75 47 75
internal_count=507 432 410 383 213 170 144 192 172 151 102 75 47 75
is_linear=0
shrinkage=0.05


Tree=79
num_leaves=15
num_cat=0
split_feature=9 13 12 24 18 17 16 15 18 15 8 12 11 16
split_gain=6.27561 9.07999 6.24265 3.79343 7.01299 5.25452 5.04675 5.41031 4.14947 4.33298 6.97249 7.66691 6.58245 2.95277
threshold=29.500000000000004 32.642857142857146 30.500000000000004 7.5188644930363164 0.98959760582678313 48.625000000000007 115.50000000000001 16.905890542934817 0.84815546772068517 9.1417317280470112 61.500000000000007 78.500000000000014 40.500000000000007 53.500000000000007
decision_type=2 2 2 2 2 2 2 2 2 2 2 2 2 2
left_child=-1 -2 -3 6 5 -5 7 8 -4 12 -11 -12 -10 -14
right_child=1 2 3 4 -6 -7 -8 -9 9 10 11 -13 13 -15
leaf_value=-0.060594207119170213 0.025239936846980629 -0.042586588443390298 0.012566329501716211 -0.063195295997243411 -0.0802804682011896 0.0055531171777328586 0.26350428855979119 -0.098342367916912823 0.0040537201457713223 0.13434736603734621 -0.047704878101970397 0.13656437424005469 -0.024716248389659513 -0.086489037658951065
leaf_weight=43 41 28 42 20 21 28 39 28 75 23 25 32 46 26
leaf_count=43 41 28 42 20 21 28 39 28 75 23 25 32 46 26
internal_value=-0.00125483 0.000421053 -0.00172811 -0.000123153 -0.0107143 0 0.00207715 -0.000167785 0.00203704 -0.000657895 0.00864198 -0.000862069 -0.00574324 -0.0164384
internal_weight=517 474 433 405 69 48 336 297 269 227 80 57 147 72
internal_count=517 474 433 405 69 48 336 297 269 227 80 57 147 72
is_linear=0
shrinkage=0.05


Tree=80
num_leaves=15
num_cat=0
split_feature=4 4 19 17 19 6 13 17 11 12 24 10 13 9
split_gain=4.35108 5.39454 4.42737 5.961 3.68209 3.52192 4.76116 5.58 3.32938 6.94308 3.72291 3.80887 5.25722 3.17907
threshold=4.5000000000000009 19.500000000000004 1.0068616768454002 43.375000000000007 0.9878401689843338 52.500000000000007 63.642857142857146 36.125000000000007 31.500000000000004 38.500000000000007 7.5188644930363164 82.500000000000014 72.071428571428584 43.500000000000007
decision_type=2 2 2 2 2 2 2 2 2 2 2 2 2 2
left_child=-1 2 4 -4 5 -2 7 -7 -3 -10 11 12 13 -11
right_child=1 8 3 -5 -6 6 -8 -9 9 10 -12 -13 -14 -15
leaf_value=0.027401942229717237 0.004167663437851488 -0.025293395092703366 -0.06663903170073375 -0.0086171423450963399 0.013564176192192346 -0.011022966660920376 0.0077029567521377023 -0.063096593384996777 0.031490156696560058 -0.00055372914271742955 -0.064849352986034961 0.20027424469243443 -0.049240998249237583 0.069362585381128924
leaf_weight=69 31 29 22 45 38 40 28 50 26 32 26 26 21 30
leaf_count=69 31 29 22 45 38 40 28 50 26 32 26 26 21 30
internal_value=-0.000875486 -0.00269663 -0.00745098 -0.0183824 -0.00345745 -0.007 -0.0109244 -0.0164835 0.00366492 0.00648148 0.00183824 0.00590909 0.000595238 0.00793651
internal_weight=513 444 254 67 187 149 118 90 190 161 135 109 83 62
internal_count=513 444 254 67 187 149 118 90 190 161 135 109 83 62
is_linear=0
shrinkage=0.05


Tree=81
num_leaves=15
num_cat=0
split_feature=21 23 23 12 13 12 13 9 10 20 6 23 15 9
split_gain=6.58622 7.72262 6.89257 6.39823 5.25914 3.19262 5.9342 3.87367 3.78056 7.15449 3.70311 3.90773 5.01596 4.21645
threshold=1.0000000180025095e-35 23.050000000000001 24.700000000000006 42.500000000000007 98.071428571428584 31.500000000000004 33.928571428571438 35.500000000000007 46.500000000000007 165.00000000000003 114.50000000000001 33.45000000000001 9.260736674173133 69.500000000000014
decision_type=2 2 2 2 2 2 2 2 2 2 2 2 2 2
left_child=1 -1 -3 -2 5 -4 -7 -8 9 -9 11 -10 -13 -14
right_child=3 2 4 -5 -6 6 7 8 10 -11 -12 12 13 -15
leaf_value=0.11624633438164232 0.067391486366370754 -0.13341568135759677 -0.04477891793525899 -0.00090972848577592919 0.25075993124905693 0.01002603317855293 -0.041924701479086224 -0.0073974922705115631 -0.039419144507479589 0.032477809384479174 0.0095036777513559656 -0.018429754510732366 0.029988906410115847 -0.017937145639977815
leaf_weight=27 23 25 69 21 31 39 39 39 46 30 32 23 24 41
leaf_count=27 23 25 69 21 31 39 39 39 46 30 32 23 24 41
internal_value=-0.000490196 -0.00225322 -0.00387244 0.0177778 -0.00229469 -0.00391645 -0.00175159 -0.00436364 -0.00190678 0.00785714 -0.00598802 -0.00962963 -0.00337079 0.00378788
internal_weight=509 465 438 44 413 382 313 274 235 69 166 134 88 65
internal_count=509 465 438 44 413 382 313 274 235 69 166 134 88 65
is_linear=0
shrinkage=0.05


Tree=82
num_leaves=15
num_cat=1
split_feature=17 1 16 7 12 8 17 13 8 10 15 12 11 20
split_gain=6.01396 4.1785 4.80104 6.37285 4.53487 4.88949 4.17274 7.45873 6.22343 4.61534 3.69069 3.50895 4.64099 3.88041
threshold=29.625000000000004 0 116.50000000000001 50.500000000000007 78.500000000000014 53.500000000000007 33.875000000000007 43.214285714285722 82.500000000000014 38.500000000000007 16.042354225298578 49.500000000000007 37.500000000000007 165.00000000000003
decision_type=2 1 2 2 2 2 2 2 2 2 2 2 2 2
left_child=-1 2 3 11 5 -5 -3 9 -9 -8 -6 12 -2 -14
right_child=1 6 -4 4 10 -7 7 8 -10 -11 -12 -13 13 -15
leaf_value=-0.081288370612383615 0.01614421169034266 0.0035566457083554327 0.28747879335365883 -0.00050350976373145782 0.17222864085578138 -0.10621632659223722 -0.015148687368413506 0.0089917883520007191 -0.026011019753478595 -0.0723500446451876 -0.10229794912000223 0.079365667640559329 -0.032442895453386099 0.063365848175748071
leaf_weight=27 52 54 28 23 37 22 23 48 58 31 20 20 36 24
leaf_count=27 52 54 28 23 37 22 23 48 58 31 20 20 36 24
internal_value=-0.000694444 0.000628931 0.0047619 0.00255319 -0.00679612 -0.0184783 -0.00444444 -0.00869565 -0.000934579 -0.0236364 0.00258621 0.00977444 0.00619469 -0.00327869
internal_weight=503 476 262 234 102 45 214 160 106 54 57 132 112 60
internal_count=503 476 262 234 102 45 214 160 106 54 57 132 112 60
cat_boundaries=0 1
cat_threshold=120
is_linear=0
shrinkage=0.05


Tree=83
num_leaves=15
num_cat=0
split_feature=21 12 15 15 11 10 4 15 4 8 4 9 12 23
split_gain=7.26115 6.55207 3.82915 7.27143 5.9214 4.9869 7.25866 6.19244 5.79598 3.95872 4.55111 4.52999 4.99328 3.42777
threshold=1.0000000180025095e-35 42.500000000000007 9.3401335771012928 4.7157284949512341 36.500000000000007 38.500000000000007 7.5000000000000009 6.0375726707446766 14.500000000000002 61.500000000000007 11.500000000000002 83.500000000000014 65.500000000000014 32.550000000000004
decision_type=2 2 2 2 2 2 2 2 2 2 2 2 2 2
left_child=2 -2 3 4 13 6 -5 -8 -7 10 -4 12 -11 -1
right_child=1 -3 9 5 -6 8 7 -9 -10 11 -12 -13 -14 -15
leaf_value=-0.0438250924799716 0.056239916955891728 0.00048433623880903557 -0.0030868390708375772 -0.046836175983032115 0.03442406016325137 -0.0039728279768429077 -0.0038545777334888956 0.019809285367640594 -0.052065650837217883 0.0024364147903966683 0.029616527807691462 0.093286800986498983 -0.080635893645080614 0.0084578141051318678
leaf_weight=42 22 20 20 30 21 44 39 28 38 30 24 89 38 32
leaf_count=42 22 20 20 30 21 44 39 28 38 30 24 89 38 32
internal_value=0.00125483 0.0209302 -0.00052521 -0.00436364 0.00677083 -0.0102778 -0.00255102 0.00661765 -0.0192771 0.00470297 0.0177778 0.000949367 -0.00869565 0
internal_weight=517 42 475 274 95 179 97 67 82 201 44 157 68 74
internal_count=517 42 475 274 95 179 97 67 82 201 44 157 68 74
is_linear=0
shrinkage=0.05


Tree=84
num_leaves=15
num_cat=0
split_feature=23 6 19 4 4 23 23 11 17 15 23 17 15 10
split_gain=5.93639 7.21231 5.91809 5.65245 7.78695 4.66769 7.28653 4.42478 3.72825 3.38076 3.33719 3.91636 7.4083 3.34495
threshold=32.350000000000001 113.50000000000001 0.96128954437274128 20.500000000000004 5.5000000000000009 34.20000000000001 39.95000000000001 68.500000000000014 40.125000000000007 12.485229040684837 26.200000000000006 57.875000000000007 4.5013217800252967 89.500000000000014
decision_type=2 2 2 2 2 2 2 2 2 2 2 2 2 2
left_child=1 7 -2 4 8 -6 -7 -1 -4 -5 11 12 -3 -13
right_child=2 10 3 9 5 6 -8 -9 -10 -11 -12 13 -14 -15
leaf_value=-0.055365982196608071 0.015407061425434422 -0.058786608704577151 -0.0084927453133198938 0.0027290433588319733 0.005864551894240933 -0.16030382951703129 -0.00049584330654166568 5.586283882195176e-05 0.1216519535256909 0.12941442740919556 0.016520538888372016 -0.10394922867038954 0.0074232611406689136 0.040614683199937933
leaf_weight=77 44 21 20 59 20 30 20 29 24 32 35 20 58 20
leaf_count=77 44 21 20 59 20 30 20 29 24 32 35 20 58 20
internal_value=0.000294118 -0.00498084 0.0058 0.00218447 -0.00521739 -0.015493 -0.0235294 -0.0149533 0.0111111 0.011413 0.00193548 -0.00208333 0.004375 -0.0146341
internal_weight=509 260 249 205 114 70 50 106 44 91 154 119 79 40
internal_count=509 260 249 205 114 70 50 106 44 91 154 119 79 40
is_linear=0
shrinkage=0.05


Tree=85
num_leaves=15
num_cat=0
split_feature=7 24 11 9 7 17 19 17 15 11 8 19 19 8
split_gain=7.05662 4.95432 5.45908 5.69492 8.37453 4.52299 5.60935 5.78608 4.02691 3.98112 4.17637 5.40668 3.88576 3.34495
threshold=27.500000000000004 1.0000000180025095e-35 88.500000000000014 53.500000000000007 35.500000000000007 30.125000000000004 0.9878401689843338 38.375000000000007 9.9951813251215977 32.500000000000007 39.500000000000007 1.0081858334805243 1.0446949149789684 35.500000000000007
decision_type=2 2 2 2 2 2 2 2 2 2 2 2 2 2
left_child=-1 5 3 4 -3 -2 7 13 -9 -8 -11 -12 -13 -7
right_child=1 2 -4 -5 -6 6 9 8 -10 10 11 12 -14 -15
leaf_value=-0.059476395727672937 -0.058826672600279829 0.0076387644019572324 -0.11775083263168079 0.0094988592439115404 -0.07485956421124644 -2.2289957322119136e-05 -0.0044390038775862454 -0.020873580185853769 0.0024569056718803496 0.025883504750828481 0.115400511800393 -0.0029725181488917231 0.025111205240888525 0.026829463332076031
leaf_weight=21 23 35 20 24 23 20 29 40 44 43 43 71 58 20
leaf_count=21 23 35 20 24 23 20 29 40 44 43 43 71 58 20
internal_value=0.00271845 0.00394737 -0.00582524 0 -0.00847458 0.0065051 0.00785908 -0.0008 -0.00823529 0.0122449 0.0145833 0.0109827 0.00576923 0.0146341
internal_weight=514 493 102 82 58 391 368 124 84 244 215 172 129 40
internal_count=514 493 102 82 58 391 368 124 84 244 215 172 129 40
is_linear=0
shrinkage=0.05


Tree=86
num_leaves=15
num_cat=0
split_feature=12 19 16 12 15 13 18 18 18 19 4 2 4 18
split_gain=3.56358 8.9513 5.74723 4.24537 4.11968 6.53278 5.17462 5.72419 5.05105 4.59612 9.09734 7.25611 4.51012 4.37202
threshold=31.500000000000004 0.96909880198679221 37.500000000000007 29.500000000000004 5.0521072151542237 37.071428571428577 1.1354302820761482 0.91361129136924091 0.77703420437646076 0.99634983498349838 14.500000000000002 1.0000000180025095e-35 19.500000000000004 1.0212862356149037
decision_type=2 2 2 2 2 2 2 2 2 2 2 2 2 2
left_child=1 -1 -2 -3 13 -6 7 8 -7 10 -9 -11 -8 -4
right_child=2 3 4 -5 5 6 12 9 -10 11 -12 -13 -14 -15
leaf_value=-0.072646336568033307 0.024589329513286986 0.012902708253473172 -0.055653087600672363 -0.033024026805868266 0.019081034876202455 0.01526623512309957 -0.037024349931825816 0.014295740459396812 -0.02078698266068546 0.002351792719619006 -0.040408760796185564 0.19122424395784884 0.0018999942042672302 9.8315038707141872e-05
leaf_weight=27 29 26 20 23 33 29 34 26 92 48 31 37 32 27
leaf_count=27 29 26 20 23 33 29 34 26 92 48 31 37 32 27
internal_value=0.00213592 -0.00779221 0.00387244 0.005 0.00231707 0.00413223 0.0019697 0.00511364 -0.00286885 0.0118881 0.000862069 0.019186 -0.0104478 -0.0114583
internal_weight=514 76 438 49 409 362 329 263 121 142 57 85 66 47
internal_count=514 76 438 49 409 362 329 263 121 142 57 85 66 47
is_linear=0
shrinkage=0.05


Tree=87
num_leaves=15
num_cat=0
split_feature=21 12 23 11 17 6 6 11 17 13 17 16 17 11
split_gain=7.95071 3.60166 3.97977 3.85973 5.94913 5.15528 4.97733 4.71097 4.44646 5.99414 4.00657 3.90787 3.52917 5.93182
threshold=1.0000000180025095e-35 107.00000000000001 23.800000000000004 86.500000000000014 92.875000000000014 52.500000000000007 45.500000000000007 68.500000000000014 37.875000000000007 40.500000000000007 31.625000000000004 38.500000000000007 56.875000000000007 46.500000000000007
decision_type=2 2 2 2 2 2 2 2 2 2 2 2 2 2
left_child=1 2 -1 5 -5 6 -4 8 10 -10 -7 -12 13 -11
right_child=-2 -3 3 4 -6 7 -8 -9 9 12 11 -13 -14 -15
leaf_value=0.042525809872897828 0.04433639461064303 0.20367434647229032 0.0032875798499080846 -0.073995161704439025 0.0080431931216164553 -0.055991022880226199 0.074877773292194763 0.020291543842338555 -0.051076186663713587 -0.044877582341316113 0.016824163037571439 -0.00071176625862534593 -0.082119003591073547 0.036635101539926045
leaf_weight=30 41 23 55 33 26 34 22 44 27 21 23 63 23 35
leaf_count=30 41 23 55 33 26 34 22 44 27 21 23 63 23 35
internal_value=0.00179641 -0.000108696 -0.00114416 -0.002457 -0.0141667 -0.000431034 0.0108974 -0.00369004 -0.00660793 -0.0140187 0 0.00574713 -0.006875 0
internal_weight=500 459 436 406 59 347 77 270 226 106 120 86 79 56
internal_count=500 459 436 406 59 347 77 270 226 106 120 86 79 56
is_linear=0
shrinkage=0.05


Tree=88
num_leaves=15
num_cat=0
split_feature=15 24 18 14 4 8 12 23 14 12 15 4 10 12
split_gain=7.25763 7.9434 5.44637 4.57583 4.42926 4.6173 5.58624 4.10162 4.8123 3.66656 3.59862 2.97519 3.38084 2.70204
threshold=3.63513262323182 7.5188644930363164 0.92134136281141743 68.535714285714292 22.500000000000004 62.500000000000007 52.500000000000007 34.20000000000001 73.321428571428598 83.500000000000014 4.2983368347686968 28.500000000000004 33.500000000000007 41.500000000000007
decision_type=2 2 2 2 2 2 2 2 2 2 2 2 2 2
left_child=-1 3 -3 4 5 6 10 8 -5 -10 -2 12 -6 -12
right_child=1 2 -4 7 11 -7 -8 -9 9 -11 13 -13 -14 -15
leaf_value=-0.089138818824792312 0.017469913804293035 -0.00024199073297594966 -0.072184996369139762 0.14293976008361789 0.096912352046234676 -0.06227290880262331 0.030355040034778825 0.1960936203137166 -0.050503845415029502 0.077024466322005491 -0.00085479001144808111 -0.00029880395435100127 0.0047252423374034794 -0.016741179718383317
leaf_weight=32 26 47 29 20 21 25 21 34 23 38 100 25 34 34
leaf_count=32 26 47 29 20 21 25 21 34 23 38 100 25 34 34
internal_value=0.00147059 0.00303347 -0.0116883 0.00584577 0.00243902 -0.00144928 0.00137363 0.0142241 0.00792683 0.000806452 -0.00186335 0.0123457 0.01875 -0.00518519
internal_weight=509 477 76 401 286 206 181 115 81 61 160 80 55 134
internal_count=509 477 76 401 286 206 181 115 81 61 160 80 55 134
is_linear=0
shrinkage=0.05


Tree=89
num_leaves=15
num_cat=0
split_feature=2 24 18 10 4 11 13 4 6 18 11 4 13 6
split_gain=5.58231 5.76588 6.70214 5.98222 4.15866 4.65589 4.35053 4.15385 3.51793 3.83058 4.46496 4.17931 4.26437 3.50592
threshold=1.0000000180025095e-35 22.199243822246263 1.0330601092896179 35.500000000000007 5.5000000000000009 88.500000000000014 45.071428571428577 20.500000000000004 113.50000000000001 0.86489521157713389 30.500000000000004 22.500000000000004 40.642857142857146 128.50000000000003
decision_type=2 2 2 2 2 2 2 2 2 2 2 2 2 2
left_child=4 2 3 -2 6 8 -1 -4 9 -6 -11 12 -12 -10
right_child=1 -3 7 -5 5 -7 -8 -9 13 10 11 -13 -14 -15
leaf_value=-0.030520357934879352 -0.025331337862234984 -0.052673711502360734 -0.017692328861237706 0.070054096557292667 0.0037381333479336479 -0.096191619295085226 0.090174789857320192 0.015128600946845339 0.052931126589717617 0.012645342324017506 -0.083624052661660647 -0.0011562228780356066 -0.029932635391120677 -0.027533174922107585
leaf_weight=20 24 23 64 65 40 25 25 39 36 22 29 29 28 34
leaf_count=20 24 23 64 65 40 25 25 39 36 22 29 29 28 34
internal_value=-0.00168651 0.00439815 0.00725389 0.0172222 -0.00622837 -0.00881148 0.0076087 -0.00144231 -0.00639269 -0.0107383 -0.0155963 -0.0206897 -0.0284483 0.0028169
internal_weight=503 215 192 89 288 243 45 103 218 148 108 86 57 70
internal_count=503 215 192 89 288 243 45 103 218 148 108 86 57 70
is_linear=0
shrinkage=0.05


Tree=90
num_leaves=15
num_cat=0
split_feature=13 9 14 8 14 8 7 18 19 12 9 9 14 18
split_gain=6.45851 6.94767 6.66492 4.59533 5.55762 5.46395 4.1047 4.51918 3.85333 3.43507 6.00738 5.36167 3.88909 5.46015
threshold=32.642857142857146 30.500000000000004 43.964285714285722 61.500000000000007 68.535714285714292 84.500000000000014 106.50000000000001 0.98959760582678313 0.99276484048997193 39.500000000000007 35.500000000000007 44.500000000000007 33.892857142857146 0.83715567742739638
decision_type=2 2 2 2 2 2 2 2 2 2 2 2 2 2
left_child=1 -1 9 8 -5 -6 7 -7 -4 12 -11 -12 -2 -14
right_child=2 -3 3 4 5 6 -8 -9 -10 10 11 -13 13 -15
leaf_value=-0.027751175988246592 -0.057754786509812743 0.028489088099115281 -0.0020059850067955412 -0.022478460456498085 0.1282687102699491 0.0093449229963900038 0.22982259939355459 -0.065002835670133943 0.025096198633249502 -0.087914514318334372 0.0016545308277509108 -0.010881738514323126 0.016658421830688577 -0.0021021465396769304
leaf_weight=28 22 32 20 37 45 32 23 28 29 21 46 32 20 86
leaf_count=28 22 32 20 37 45 32 23 28 29 21 46 32 20 86
internal_value=-0.000498008 0.0147541 -0.00260181 0.00372093 -0.000301205 0.00465116 -0.00297619 -0.00983607 0.017 -0.00855263 -0.0155 -0.00886076 -0.00310078 0.000934579
internal_weight=501 60 441 214 165 128 83 60 49 227 99 78 128 106
internal_count=501 60 441 214 165 128 83 60 49 227 99 78 128 106
is_linear=0
shrinkage=0.05


Tree=91
num_leaves=15
num_cat=1
split_feature=1 17 12 13 8 8 18 11 23 14 7 13 7 23
split_gain=5.74828 6.52018 4.04169 8.04581 4.83275 5.75114 6.73764 4.5578 4.14338 3.93285 5.76368 4.8729 3.66019 3.16826
threshold=0 38.375000000000007 41.500000000000007 45.500000000000007 61.500000000000007 73.500000000000014 1.0212862356149037 84.500000000000014 28.850000000000005 38.464285714285722 39.500000000000007 34.785714285714292 99.500000000000014 25.350000000000005
decision_type=1 2 2 2 2 2 2 2 2 2 2 2 2 2
left_child=1 -1 8 -4 -5 -6 7 -7 13 11 -11 -10 -3 -2
right_child=2 12 3 4 5 6 -8 -9 9 10 -12 -13 -14 -15
leaf_value=0.020502689549337205 0.0047541548378731598 -0.00071209125737858869 -0.037605123514017791 0.028155923949421971 -0.073618443329214509 0.063996001709367437 -0.029102386683732107 -0.011563227644152364 0.006774117226545329 0.080572803989981526 0.0031055155983855443 -0.042368622653778054 0.40290433963276229 -0.056936629114309148
leaf_weight=34 31 93 43 32 21 30 35 27 43 21 26 20 22 34
leaf_count=34 31 93 43 32 21 30 35 27 43 21 26 20 22 34
internal_value=0.00116959 0.0090625 -0.00227273 -0.00740741 -0.00171233 -0.00657895 -0.00107527 0.00948276 0.003125 0.00900901 0.0197917 0.00078125 0.00387931 -0.00681818
internal_weight=512 149 363 188 145 113 92 57 175 110 47 63 115 65
internal_count=512 149 363 188 145 113 92 57 175 110 47 63 115 65
cat_boundaries=0 1
cat_threshold=96
is_linear=0
shrinkage=0.05


Tree=92
num_leaves=15
num_cat=1
split_feature=1 4 12 19 12 12 24 9 13 13 10 8 6 13
split_gain=8.90823 7.3724 6.84152 5.95435 5.66856 5.02585 4.87565 5.57361 4.36819 4.21443 4.14937 4.39671 2.13154 3.02549
threshold=0 27.500000000000004 34.500000000000007 0.96504801655977468 32.500000000000007 38.500000000000007 7.5188644930363164 29.500000000000004 37.500000000000007 69.500000000000014 58.500000000000007 39.500000000000007 126.50000000000001 39.928571428571438
decision_type=1 2 2 2 2 2 2 2 2 2 2 2 2 2
left_child=3 2 -2 4 -1 -4 7 -5 -7 10 11 -10 13 -9
right_child=1 -3 5 6 -6 8 -8 12 9 -11 -12 -13 -14 -15
leaf_value=-0.051815202159378605 0.032403792992120019 0.09025352290597155 -0.035253343161133981 -0.048651017521617226 0.037952518709237285 0.004644627202860541 -0.050500666624439285 -0.013162497451372081 -0.0047994188746113059 0.12320415532088874 -0.065137614150329176 0.018103401647680251 -0.025854843042975518 0.0080951829265295313
leaf_weight=20 25 22 26 24 46 24 38 28 29 57 21 22 31 97
leaf_count=20 25 22 26 24 46 24 38 28 29 57 21 22 31 97
internal_value=0.000391389 0.00759494 0.00487805 -0.00542373 0.00746269 0.00138889 -0.00958904 -0.00607735 0.00487013 0.00115385 -0.00684932 0.000961538 -0.00254777 0.000396825
internal_weight=510 226 204 284 66 179 218 180 153 129 72 51 156 125
internal_count=510 226 204 284 66 179 218 180 153 129 72 51 156 125
cat_boundaries=0 1
cat_threshold=27
is_linear=0
shrinkage=0.05


Tree=93
num_leaves=15
num_cat=0
split_feature=23 6 6 19 6 4 19 4 23 4 23 12 7 19
split_gain=4.70049 6.32299 4.01736 4.33643 7.16318 7.21117 6.44286 5.02051 4.51189 3.86622 4.75576 4.62019 3.69687 3.55376
threshold=23.050000000000001 140.50000000000003 41.500000000000007 1.0256706042473041 113.50000000000001 18.500000000000004 1.0493426391819511 23.500000000000004 32.350000000000001 14.500000000000002 28.600000000000005 39.500000000000007 50.500000000000007 0.95254924735323621
decision_type=2 2 2 2 2 2 2 2 2 2 2 2 2 2
left_child=-1 2 12 4 5 9 7 -5 -8 10 13 -12 -2 -4
right_child=1 -3 3 6 -6 -7 8 -9 -10 -11 11 -13 -14 -15
leaf_value=0.055980151649475833 0.0093701449703369032 -0.04350676011023822 -0.025291564235054766 -0.040494039568124765 0.019847955396025796 0.017637028580558756 -0.042536190491010477 -0.0025597527021673731 0.060129692010376705 -0.069507379323159493 0.009279094985167902 -0.0045390705913685991 -0.0061391649050417385 -0.091573043620289341
leaf_weight=29 38 23 22 34 57 64 25 27 29 32 33 54 26 20
leaf_count=29 38 23 22 34 57 64 25 27 29 32 33 54 26 20
internal_value=-0.000875486 -0.00206186 -0.000757576 -0.00263819 0.000706714 -0.00331858 -0.0107759 -0.0217742 0.00181818 -0.00895062 -0.005 0.00170455 0.0107692 -0.0186047
internal_weight=513 484 461 397 282 225 115 61 54 161 129 87 64 42
internal_count=513 484 461 397 282 225 115 61 54 161 129 87 64 42
is_linear=0
shrinkage=0.05


Tree=94
num_leaves=15
num_cat=0
split_feature=17 17 2 13 9 15 2 15 6 11 19 23 19 15
split_gain=4.057 7.04085 5.88521 4.35696 9.20042 8.21982 5.66623 6.495 5.63085 4.92759 3.8649 3.78213 2.79244 2.71408
threshold=29.625000000000004 38.375000000000007 1.0000000180025095e-35 40.500000000000007 47.500000000000007 9.260736674173133 1.0000000180025095e-35 16.042354225298578 66.500000000000014 88.500000000000014 0.99574759200993335 33.150000000000013 1.0379870129870132 17.44105527485026
decision_type=2 2 2 2 2 2 2 2 2 2 2 2 2 2
left_child=-1 2 10 8 -5 -6 9 11 -3 13 -2 -8 -12 -7
right_child=1 3 -4 4 5 6 7 -9 -10 -11 12 -13 -14 -15
leaf_value=-0.047250399145807802 0.010241184909106594 0.0005676897898315048 0.033746854360121863 0.035353574392279263 -0.021232614251966098 -0.0031337605797025605 0.13024235428700665 -0.0095654756034253552 -0.022949730672814542 -0.091282560100894028 -0.026180696566683183 0.29399924463762162 0.0041202154385018728 0.057583582560573637
leaf_weight=33 47 22 37 40 37 60 21 36 33 23 35 24 31 20
leaf_count=33 47 22 37 40 37 60 21 36 33 23 35 24 31 20
internal_value=0.0005 0.00171306 0.010596 -0.00252366 0.00019084 -0.00382883 0.000540541 0.0103659 -0.0151786 -0.00721154 0.00482456 0.0228261 -0.00298507 -0.00123457
internal_weight=499 466 150 316 261 221 184 81 55 103 113 45 66 80
internal_count=499 466 150 316 261 221 184 81 55 103 113 45 66 80
is_linear=0
shrinkage=0.05


Tree=95
num_leaves=15
num_cat=0
split_feature=21 12 8 24 24 14 16 4 19 23 14 9 17 9
split_gain=4.5175 5.50174 3.75722 6.72458 6.64752 5.1491 4.94239 4.47501 7.0819 6.24432 4.18502 6.44647 3.63434 3.58305
threshold=1.0000000180025095e-35 42.500000000000007 31.500000000000004 1.0000000180025095e-35 18.79544192386906 68.535714285714292 93.500000000000014 19.500000000000004 1.0104024642730902 36.95000000000001 73.321428571428598 76.500000000000014 48.125000000000007 89.500000000000014
decision_type=2 2 2 2 2 2 2 2 2 2 2 2 2 2
left_child=2 -2 -1 5 -5 7 -6 8 12 -10 -7 -12 -4 -13
right_child=1 -3 3 4 6 10 -8 -9 9 -11 11 13 -14 -15
leaf_value=0.0048984504362811878 0.032232469598572247 -0.0026209140964002843 0.012965282406220703 -0.037593786427912515 -0.042923467988635271 0.12153234522950954 0.012943587010090064 0.0012539254607620621 -0.05403208661651835 -0.0074657140696556823 -0.056246767541513171 0.20310039634617497 -0.014487925357584787 0.051383671748557451
leaf_weight=67 26 20 44 32 26 20 22 91 30 30 23 20 21 57
leaf_count=67 26 20 44 32 26 20 22 91 30 30 23 20 21 57
internal_value=9.43396e-05 0.0148936 -0.00134298 -0.00311751 -0.0160494 0 -0.00408163 -0.00460829 -0.0107143 -0.0229508 0.00826446 0.0039604 0.000757576 0.0108974
internal_weight=529 46 483 416 80 336 48 216 125 60 120 100 65 77
internal_count=529 46 483 416 80 336 48 216 125 60 120 100 65 77
is_linear=0
shrinkage=0.05


Tree=96
num_leaves=15
num_cat=0
split_feature=17 17 2 9 13 9 13 15 15 11 18 19 15 15
split_gain=5.2982 8.47769 6.38795 8.03066 5.32773 5.01884 4.26722 4.17219 3.56785 3.57009 4.92382 3.45952 2.84762 2.637
threshold=38.875000000000007 30.375000000000004 1.0000000180025095e-35 31.500000000000004 40.500000000000007 47.500000000000007 37.071428571428577 9.8307098256632575 11.859292043220549 95.500000000000014 0.83715567742739638 1.024499372510504 14.642545088671364 5.956189257922424
decision_type=2 2 2 2 2 2 2 2 2 2 2 2 2 2
left_child=1 -1 3 -3 6 -6 -2 -7 -9 10 -10 12 -12 -5
right_child=4 2 -4 13 5 7 -8 8 9 -11 11 -13 -14 -15
leaf_value=-0.041047581377390688 -0.0010381394340747364 0.014495802325095043 0.034288179008509445 -0.020937985096461987 0.032216976313928926 -0.01376352908970553 -0.024248042004573381 0.10049608834990345 0.022718268526656971 0.093454685491483863 -0.036715686225345934 -0.070350800025102883 0.018286732052440868 0.0038320401512747185
leaf_weight=41 21 31 46 44 36 41 25 20 30 40 20 34 29 33
leaf_count=41 21 31 46 44 36 41 25 20 30 40 20 34 29 33
internal_value=0.00050813 0.00688776 0.0122581 0.00550459 -0.0037037 -0.000796813 -0.0191489 -0.00372093 -0.000287356 -0.00292208 -0.00745614 -0.0136905 -0.005 -0.00320513
internal_weight=491 195 154 108 296 250 46 214 173 153 113 83 49 77
internal_count=491 195 154 108 296 250 46 214 173 153 113 83 49 77
is_linear=0
shrinkage=0.05


Tree=97
num_leaves=15
num_cat=0
split_feature=13 9 15 13 18 8 23 23 8 18 18 13 17 6
split_gain=3.8603 6.9809 6.73793 6.62195 4.22555 8.92713 8.1701 9.57578 5.98154 7.25179 6.95873 2.76113 4.52927 5.07038
threshold=32.642857142857146 29.500000000000004 5.0118630422936841 37.071428571428577 1.0799125522132405 41.500000000000007 37.750000000000007 28.850000000000005 46.500000000000007 0.94052354992387421 0.84994246673858342 45.500000000000007 56.875000000000007 102.50000000000001
decision_type=2 2 2 2 2 2 2 2 2 2 2 2 2 2
left_child=1 -1 -2 -4 8 -6 7 -7 9 10 -5 -10 -13 -14
right_child=2 -3 3 4 5 6 -8 -9 11 -11 -12 12 13 -15
leaf_value=-0.043241121542475371 -0.04035214512776264 0.019641461901242253 0.0055473782162426492 0.016385389161236576 -0.0359450650384181 -0.016070476298496672 -0.070835847206474872 0.16861056242879721 -0.0075785402147634075 0.0822991833664629 -0.062538751457473118 0.017372395449818969 -0.011965961946987846 0.019138016501628743
leaf_weight=27 59 42 40 24 24 38 28 24 23 24 20 21 70 46
leaf_count=27 59 42 40 24 24 38 28 24 23 24 20 21 70 46
internal_value=-0.000195695 0.0107143 -0.00192308 0.000522193 -0.00174927 -0.00956522 -0.0021978 0.00793651 0.00218341 0.0144928 0.00222222 -0.00310559 -0.000362319 -0.0042735
internal_weight=510 69 441 382 342 114 90 62 228 68 44 160 137 116
internal_count=510 69 441 382 342 114 90 62 228 68 44 160 137 116
is_linear=0
shrinkage=0.05


Tree=98
num_leaves=15
num_cat=0
split_feature=6 6 24 17 6 10 7 9 14 18 15 14 14 6
split_gain=3.17344 4.49545 4.23044 5.61515 3.1825 3.52844 10.8941 4.33573 5.35989 3.97303 3.59981 5.5053 4.54127 3.84091
threshold=142.50000000000003 133.50000000000003 1.0000000180025095e-35 74.375000000000014 52.500000000000007 97.500000000000014 83.500000000000014 48.500000000000007 42.321428571428577 1.0397309763069749 6.001975605547945 33.964285714285722 30.535714285714288 97.500000000000014
decision_type=2 2 2 2 2 2 2 2 2 2 2 2 2 2
left_child=1 2 4 -4 -1 6 7 8 10 -9 11 12 -6 -13
right_child=-2 -3 3 -5 5 -7 -8 9 -10 -11 -12 13 -14 -15
leaf_value=0.0025595968352913447 -0.027813484376105181 0.014233088455454991 -0.011423829506060024 -0.056591061412638768 0.0065017973486247273 -0.087525400522931562 0.22845549946004767 -0.040821113946275037 0.03939368534812307 -0.012584578770557542 -0.0048566583503015792 0.020780993680673633 -0.041665784810346468 0.00025682210901241121
leaf_weight=72 26 38 74 27 22 29 34 43 20 23 34 21 34 22
leaf_count=72 26 38 74 27 22 29 34 43 20 23 34 21 34 22
internal_value=-0.00182692 -0.000910931 -0.00230263 -0.0112745 0.00028169 -0.00212014 -0.00019685 -0.00431818 0.000324675 -0.0149254 -0.00335821 0.0015 -0.00877193 0.0147727
internal_weight=519 493 455 101 354 282 253 219 153 66 133 99 56 43
internal_count=519 493 455 101 354 282 253 219 153 66 133 99 56 43
is_linear=0
shrinkage=0.05


Tree=99
num_leaves=15
num_cat=0
split_feature=15 24 24 10 2 7 14 19 15 15 9 15 14 19
split_gain=4.51507 5.16929 7.34577 4.62112 2.89804 4.11502 7.77605 3.84071 4.32066 6.58409 3.03903 5.76551 4.75885 4.271
threshold=19.15599919747795 1.0000000180025095e-35 18.061186860181888 41.500000000000007 1.0000000180025095e-35 42.500000000000007 34.107142857142868 0.98767207288780645 9.8307098256632575 14.97855557338495 35.500000000000007 4.211615335067127 41.250000000000007 0.99885664784983252
decision_type=2 2 2 2 2 2 2 2 2 2 2 2 2 2
left_child=1 4 -3 -4 10 6 -6 -7 -9 -10 11 -1 -12 -13
right_child=-2 2 3 -5 5 7 -8 8 9 -11 12 13 -14 -15
leaf_value=-0.047183671022334388 0.038129118952521961 -0.040403734443408904 0.0051997778316955848 -0.037925390668101328 -0.0012288235277289061 -0.032352434648696263 0.057414562091823385 -0.012939152367114204 0.30737345671087013 -0.037710593876997933 -0.019137427856392011 0.026548513234542173 -0.0012172659434609657 6.1090318892809145e-05
leaf_weight=22 28 28 34 34 34 21 33 33 23 21 41 21 108 35
leaf_count=22 28 28 34 34 34 21 33 33 23 21 41 21 108 35
internal_value=-0.00193424 -0.00306748 -0.0134021 -0.00434783 -0.000508906 0.00451807 0.0139706 -0.0020202 0.00320513 0.0133333 -0.00416667 0.00379747 -0.00833333 0.0122807
internal_weight=516 488 96 68 392 165 67 98 77 44 227 78 149 56
internal_count=516 488 96 68 392 165 67 98 77 44 227 78 149 56
is_linear=0
shrinkage=0.05


Tree=100
num_leaves=15
num_cat=0
split_feature=4 7 9 23 19 23 19 11 12 12 23 6 14 19
split_gain=4.74974 4.46486 7.81014 4.23229 4.225 3.48803 3.90531 3.01479 4.01172 5.22349 5.22378 3.8568 4.91952 3.56767
threshold=24.500000000000004 73.500000000000014 49.500000000000007 23.250000000000004 1.0127119214661804 39.850000000000001 0.99634983498349838 30.500000000000004 31.500000000000004 34.500000000000007 27.000000000000004 140.50000000000003 68.107142857142875 0.98313213835711111
decision_type=2 2 2 2 2 2 2 2 2 2 2 2 2 2
left_child=3 2 4 -1 -2 7 -7 -5 -9 -10 11 12 -11 -12
right_child=1 -3 -4 5 -6 6 -8 8 9 10 13 -13 -14 -15
leaf_value=0.028775145291722471 0.050769076700686359 0.23453190666687576 -0.067623842883914875 0.0091289712996854185 -0.00092903289053225535 -0.010615533016588331 0.066458063210172474 -0.059405968706300799 0.0098691236358611437 -0.0017162901812458387 -0.022444861163556776 -0.023230629451757068 0.090251079772161277 -0.010860196442520476
leaf_weight=30 23 25 23 34 36 24 24 28 25 25 54 21 22 112
leaf_count=30 23 25 23 34 36 24 24 28 25 25 54 21 22 112
internal_value=-0.00236686 0.00694444 0.00120482 -0.004875 0.0108333 -0.00635135 0.00612245 -0.00822981 -0.00989583 -0.00788462 -0.0102128 0.00144928 0.009375 -0.0149701
internal_weight=506 107 82 399 59 369 48 321 287 259 234 68 47 166
internal_count=506 107 82 399 59 369 48 321 287 259 234 68 47 166
is_linear=0
shrinkage=0.05


Tree=101
num_leaves=15
num_cat=0
split_feature=9 13 19 19 15 4 8 4 11 15 13 13 6 10
split_gain=5.38664 4.99559 3.87291 5.1763 4.66907 3.75882 6.57299 6.47218 5.72616 3.64559 3.5836 9.53456 6.22474 3.56872
threshold=28.500000000000004 32.642857142857146 1.0458643227405908 1.0256706042473041 6.6654607697509025 9.5000000000000018 36.500000000000007 17.500000000000004 38.500000000000007 14.746265595631447 90.357142857142875 61.214285714285722 65.500000000000014 56.500000000000007
decision_type=2 2 2 2 2 2 2 2 2 2 2 2 2 2
left_child=-1 -2 3 5 -5 6 -3 8 -7 -4 11 12 -9 -6
right_child=1 2 9 4 13 7 -8 10 -10 -11 -12 -13 -14 -15
leaf_value=-0.041970878991479312 0.016447533760834788 -0.0073228030299141269 0.044608781108187584 -0.03067370444325377 0.0080149460804615387 0.0044985084299113964 0.0086325888451272096 -0.033464347102152917 -0.020398897733194945 -0.013473531366816262 -0.046602202000014262 0.088979798644013647 0.0024768633773060602 -0.066840840900202633
leaf_weight=34 47 25 60 25 20 22 63 25 77 24 22 29 25 23
leaf_count=34 47 25 60 25 20 22 63 25 77 24 22 29 25 23
internal_value=-0.00105364 0.000307377 -0.00136054 -0.00364146 -0.015942 -0.000692042 0.00786517 -0.00447761 -0.0135 0.00823529 0.00441176 0.009375 -0.00392157 -0.00568182
internal_weight=521 487 440 356 68 288 88 200 99 84 101 79 50 43
internal_count=521 487 440 356 68 288 88 200 99 84 101 79 50 43
is_linear=0
shrinkage=0.05


Tree=102
num_leaves=15
num_cat=0
split_feature=7 23 18 9 21 19 18 6 6 4 16 18 7 15
split_gain=3.65018 4.60483 4.59289 4.48734 4.12439 3.49968 3.16411 5.22666 5.19845 4.29589 5.97627 4.06848 7.3322 3.87399
threshold=31.500000000000004 32.550000000000004 0.87879242734112617 98.500000000000014 1.0000000180025095e-35 1.0068616768454002 0.86489521157713389 73.500000000000014 95.500000000000014 24.500000000000004 55.500000000000007 1.0841229403176309 41.500000000000007 6.0375726707446766
decision_type=2 2 2 2 2 2 2 2 2 2 2 2 2 2
left_child=1 2 -1 4 6 -5 7 -2 9 10 13 12 -10 -8
right_child=3 -3 -4 5 -6 -7 8 -9 11 -11 -12 -13 -14 -15
leaf_value=-0.043944067169662399 0.079637560493915419 0.018697865090758194 0.019167773879886597 -0.01243626498078001 0.040322334880091765 0.20710923058117353 -0.038254981514794117 -0.005254304889121997 -0.028479463417052389 -0.0004836280651806746 -0.051934370835334677 -0.026439820692789696 0.08262384382185442 0.0019554734428284706
leaf_weight=24 21 38 21 24 34 20 42 40 25 46 54 59 30 24
leaf_count=24 21 38 21 24 34 20 42 40 25 46 54 59 30 24
internal_value=-0.00417495 0.00535714 -0.00543478 -0.00607143 -0.00784574 0.00888889 -0.00950292 0.000806452 -0.0117438 -0.0173653 -0.022314 -0.00347826 0.00625 -0.0119403
internal_weight=502 83 45 419 375 44 341 61 280 166 120 114 55 66
internal_count=502 83 45 419 375 44 341 61 280 166 120 114 55 66
is_linear=0
shrinkage=0.05


Tree=103
num_leaves=15
num_cat=0
split_feature=14 19 4 4 24 18 4 18 23 14 15 12 23 7
split_gain=4.69799 4.77631 6.03519 5.6404 5.19843 4.94686 4.81687 6.22702 4.76102 4.42782 6.8214 4.05474 3.56798 2.81687
threshold=96.321428571428598 0.97555543484165363 17.500000000000004 10.500000000000002 7.5188644930363164 0.89120926243567766 19.500000000000004 1.146941223510596 28.400000000000002 68.107142857142875 8.377958309471925 30.500000000000004 36.95000000000001 57.500000000000007
decision_type=2 2 2 2 2 2 2 2 2 2 2 2 2 2
left_child=1 2 9 8 5 13 -7 -8 -3 10 11 -1 -10 -5
right_child=-2 3 -4 4 -6 6 7 -9 12 -11 -12 -13 -14 -15
leaf_value=-0.04423524251277762 -0.094025889783889843 0.053958969236563452 0.030521773319392057 0.024930231647446989 -0.053430769353512458 -0.044187989834524016 -0.0075503793492018197 0.089706555918237285 -0.0095585934933090765 0.069350035370523963 -0.027789974386229058 0.0044696849926792129 0.045796395517771954 -0.0075912813715369514
leaf_weight=23 30 20 29 32 30 52 72 26 43 20 24 46 38 26
leaf_count=23 30 20 29 32 30 52 72 26 43 20 24 46 38 26
internal_value=-0.000488281 0.000726141 0.00839161 -0.0025 -0.00669456 -0.00382775 -0.00860927 -0.0020202 0.00735294 0.00307018 -0.00159574 0.00642857 0.00182927 0.00847458
internal_weight=511 481 142 339 238 208 150 98 101 113 93 69 81 58
internal_count=511 481 142 339 238 208 150 98 101 113 93 69 81 58
is_linear=0
shrinkage=0.05


Tree=104
num_leaves=15
num_cat=0
split_feature=2 18 11 9 18 18 13 11 19 18 14 8 4 17
split_gain=6.05832 5.46235 5.10511 7.80823 5.00253 6.242 5.77693 4.50534 6.75544 4.13221 3.84349 4.25079 3.23799 2.39163
threshold=1.0000000180025095e-35 1.0330601092896179 88.500000000000014 77.500000000000014 0.77464686062333976 0.97609487382664895 32.142857142857146 97.500000000000014 1.0338512824150106 0.93433908045977021 65.500000000000014 35.500000000000007 18.500000000000004 35.125000000000007
decision_type=2 2 2 2 2 2 2 2 2 2 2 2 2 2
left_child=2 13 3 4 -1 9 -7 8 12 10 11 -6 -3 -2
right_child=1 7 -4 -5 5 6 -8 -9 -10 -11 -12 -13 -14 -15
leaf_value=0.019560245412061406 -0.0020088621371304074 -0.01422215563004805 -0.086325498621803484 0.22219487824676706 -0.032562006953462945 0.028238417929142036 -0.0024926568609007663 0.26311388813313991 -0.029431328541520509 -0.038335697495949894 -0.068294542698591698 0.0043248081640140162 0.080069662319159823 0.032920512756249035
leaf_weight=21 21 34 24 23 23 24 102 28 26 20 22 39 21 84
leaf_count=21 21 34 24 23 23 24 102 28 26 20 22 39 21 84
internal_value=-0.00175439 0.00465116 -0.00635452 -0.00436364 -0.00694444 -0.00909091 -0.0015748 -0.00318182 -0.00914634 -0.0180952 -0.0129412 -0.00634921 0.000892857 0.0127358
internal_weight=512 214 298 274 251 230 126 109 81 104 84 62 55 105
internal_count=512 214 298 274 251 230 126 109 81 104 84 62 55 105
is_linear=0
shrinkage=0.05


Tree=105
num_leaves=15
num_cat=0
split_feature=2 18 24 20 7 8 8 6 19 18 6 4 15 14
split_gain=3.49401 4.26972 5.38437 5.26027 4.53561 4.6128 4.12079 3.23264 7.1004 5.60795 3.83675 3.71621 3.38749 2.61894
threshold=1.0000000180025095e-35 1.0330601092896179 1.0000000180025095e-35 135.00000000000003 98.500000000000014 63.500000000000007 36.500000000000007 78.500000000000014 0.95780203615530535 1.1072858404474537 86.500000000000014 22.500000000000004 6.635037983506856 40.464285714285722
decision_type=2 2 2 2 2 2 2 2 2 2 2 2 2 2
left_child=7 2 3 -2 5 6 -3 8 -1 11 -9 12 -10 -12
right_child=1 4 -4 -5 -6 -7 -8 10 9 -11 13 -13 -14 -15
leaf_value=0.02669227778895298 0.011429161396503053 -0.0066139976893303757 -0.0015404737228962519 0.12314257319390194 0.27425213796082454 -0.08900124700599471 0.0058223915760649454 -0.070641283722374479 -0.001996060988602544 -0.023195832851006772 0.0036652994553126208 -0.0080237004453881152 0.056821433128544645 -0.0088140526235576996
leaf_weight=20 36 27 39 36 24 20 37 20 26 24 59 29 34 90
leaf_count=20 36 27 39 36 24 20 37 20 26 24 59 29 34 90
internal_value=-0.000478927 0.00431818 0.0111607 0.0191781 -0.00275229 -0.00823529 -0.00153846 -0.0039604 0.00186567 -0.00307018 -0.00852941 0.00277778 0.00983607 -0.00566667
internal_weight=521 219 111 72 108 84 64 302 133 113 169 89 60 149
internal_count=521 219 111 72 108 84 64 302 133 113 169 89 60 149
is_linear=0
shrinkage=0.05


Tree=106
num_leaves=15
num_cat=0
split_feature=13 13 23 18 9 19 12 23 6 19 19 9 20 24
split_gain=4.44054 5.83599 5.29991 5.06656 4.63102 7.33645 3.89565 3.6578 6.32965 3.37153 8.73289 5.0385 3.68984 2.36577
threshold=32.642857142857146 31.071428571428573 23.050000000000001 1.0125649013499483 34.500000000000007 0.97555543484165363 34.500000000000007 32.350000000000001 82.500000000000014 1.0194438082149948 0.99265604774917315 52.500000000000007 165.00000000000003 6.9751272838865601
decision_type=2 2 2 2 2 2 2 2 2 2 2 2 2 2
left_child=1 3 -2 -1 5 -4 -7 9 13 10 11 -6 -11 -9
right_child=2 -3 4 -5 7 6 -8 8 -10 12 -12 -13 -14 -15
leaf_value=-0.049370743974541047 0.038544793501620593 0.05963164284289349 0.015386191460583731 0.015485091795133955 -0.044644985359449052 -0.030291525479281756 -0.060978271548864177 0.00072331850569646867 0.0052985563889578202 -0.042312538362767785 0.049126050315865304 -0.0064672293434902888 -0.0058262699947057685 -0.023767868803459893
leaf_weight=20 21 25 20 23 21 22 32 141 25 21 38 27 33 42
leaf_count=20 21 25 20 23 21 22 32 141 25 21 38 27 33 42
internal_value=-0.00166016 0.0101449 -0.00349099 -0.00113636 -0.00472813 -0.016 -0.0254545 -0.00229226 0.00191388 -0.00851064 -0.00229885 -0.0163265 -0.0181818 -0.0013587
internal_weight=511 68 443 43 422 74 54 348 208 140 86 48 54 183
internal_count=511 68 443 43 422 74 54 348 208 140 86 48 54 183
is_linear=0
shrinkage=0.05


Tree=107
num_leaves=15
num_cat=0
split_feature=23 6 7 19 10 15 13 9 14 6 11 12 6 2
split_gain=4.69977 5.02545 4.00496 4.39548 6.73883 4.58165 5.13472 2.84138 6.12889 4.15501 2.49786 5.3531 4.53111 3.41332
threshold=28.600000000000005 109.50000000000001 97.500000000000014 0.97090415864375434 42.500000000000007 16.006694872333593 70.642857142857153 29.500000000000004 35.035714285714292 133.50000000000003 42.500000000000007 39.500000000000007 67.500000000000014 1.0000000180025095e-35
decision_type=2 2 2 2 2 2 2 2 2 2 2 2 2 2
left_child=1 -1 3 4 -2 6 10 -3 -9 -10 11 12 -5 -12
right_child=2 7 -4 5 -6 -7 -8 8 9 -11 13 -13 -14 -15
leaf_value=-0.059403166742560388 0.069425396433029543 -0.050110240366212012 0.24553603012562064 -0.011578238145712483 -0.00015010463203743996 0.012268693170039492 -0.098520490760920509 0.017966024198280729 -0.016285718979698771 0.0049401762608566107 -0.0066836808766517208 -0.022947396517679765 0.034617579855427218 0.049941245977517215
leaf_weight=33 30 21 25 43 36 36 26 20 75 42 20 34 36 33
leaf_count=33 30 21 25 43 36 36 26 20 75 42 20 34 36 33
internal_value=-0.00136986 -0.00755208 0.00234375 0.000677966 0.0119403 -0.00262009 -0.00569948 -0.00377358 -0.00108696 -0.00550847 -0.00239521 -0.00657895 0.000625 0.00648148
internal_weight=510 191 319 294 66 228 192 158 137 117 166 113 79 53
internal_count=510 191 319 294 66 228 192 158 137 117 166 113 79 53
is_linear=0
shrinkage=0.05


Tree=108
num_leaves=15
num_cat=0
split_feature=17 13 18 9 8 13 4 8 12 6 8 8 16 17
split_gain=5.10361 6.45676 5.06719 4.03005 4.19423 6.94851 8.29056 5.38236 7.15566 3.70667 3.39246 5.09402 6.99517 3.66923
threshold=29.625000000000004 32.642857142857146 1.303932527877649 30.500000000000004 70.500000000000014 90.357142857142875 9.5000000000000018 61.500000000000007 52.500000000000007 95.500000000000014 49.500000000000007 42.500000000000007 48.500000000000007 39.625000000000007
decision_type=2 2 2 2 2 2 2 2 2 2 2 2 2 2
left_child=-1 -2 3 -3 7 -6 -7 8 10 -8 11 13 -13 -5
right_child=1 2 -4 4 5 6 9 -9 -10 -11 -12 12 -14 -15
leaf_value=-0.044501318012667747 0.016932690533312922 0.0053392731705717011 -0.03630450377754784 -0.00011748914711731118 0.056723176451507845 0.20845609979131155 -0.14404810175808544 -0.079336553347921779 0.044086431082586586 -0.0053295819273309064 -0.053832782952941471 -0.016915925771123774 0.026801519099909757 -0.019374100364624527
leaf_weight=31 47 21 21 71 41 27 24 29 35 29 29 22 22 59
leaf_count=31 47 21 21 71 41 27 24 29 35 29 29 22 22 59
internal_value=-0.000982318 0.000313808 -0.00162413 -0.000365854 -0.00154242 0.00614754 -0.00246914 -0.00503731 -0.00251046 -0.0138889 -0.00612745 -0.00342857 0.0111111 -0.00839695
internal_weight=508 477 430 409 388 121 80 267 238 53 203 174 44 130
internal_count=508 477 430 409 388 121 80 267 238 53 203 174 44 130
is_linear=0
shrinkage=0.05


Tree=109
num_leaves=15
num_cat=1
split_feature=18 1 7 8 7 11 20 6 10 15 18 13 8 11
split_gain=3.33158 3.24228 5.85183 5.5611 5.49384 4.2762 2.70347 2.58514 2.56191 4.86143 5.26364 3.98071 7.0587 2.5841
threshold=0.77703420437646076 0 36.500000000000007 92.500000000000014 98.500000000000014 69.500000000000014 165.00000000000003 89.500000000000014 38.500000000000007 6.0375726707446766 1.1027277277277279 45.500000000000007 61.500000000000007 32.500000000000007
decision_type=2 1 2 2 2 2 2 2 2 2 2 2 2 2
left_child=-1 2 -2 5 6 8 -4 -8 9 10 13 -10 -13 -3
right_child=1 3 4 -5 -6 -7 7 -9 11 -11 -12 12 -14 -15
leaf_value=0.013881575004167335 0.018331425415288295 -0.03360456681283832 -0.0082733514863525311 -0.033225638400333324 0.25254233175936708 0.032295760716353782 -0.017447261646992018 0.0053121908980614313 -0.030159299421868013 0.0025555106774579174 0.0050723095120432053 0.014329610726093201 -0.02496688279777164 -0.0016943750630115774
leaf_weight=40 33 55 28 38 23 42 22 23 55 39 25 23 26 35
leaf_count=40 33 55 28 38 23 42 22 23 55 39 25 23 26 35
internal_value=-0.00147638 -0.00267094 0.00392857 -0.00515759 -0.00206186 -0.00299003 -0.00878378 -0.00108696 -0.00540541 -0.00129032 -0.00646552 -0.0114286 -0.001 -0.0120879
internal_weight=507 467 129 338 96 300 73 45 258 154 115 104 49 90
internal_count=507 467 129 338 96 300 73 45 258 154 115 104 49 90
cat_boundaries=0 1
cat_threshold=96
is_linear=0
shrinkage=0.05


Tree=110
num_leaves=15
num_cat=0
split_feature=24 13 18 8 15 12 8 6 8 14 13 14 11 14
split_gain=4.06822 10.6411 4.25964 3.72589 3.03583 5.23918 4.54143 3.61612 2.88969 6.69708 2.5579 5.61335 7.74524 5.02481
threshold=1.0000000180025095e-35 37.071428571428577 0.81170519772936289 98.500000000000014 16.905890542934817 76.500000000000014 83.500000000000014 52.500000000000007 61.500000000000007 44.607142857142868 41.071428571428577 33.464285714285722 37.500000000000007 31.107142857142861
decision_type=2 2 2 2 2 2 2 2 2 2 2 2 2 2
left_child=3 -2 -3 4 5 7 -7 -1 9 10 11 13 -13 -9
right_child=1 2 -4 -5 -6 6 -8 8 -10 -11 -12 12 -14 -15
leaf_value=0.0042771792394363578 0.011696725832104616 -0.0048460423652239015 -0.059742314316398294 0.19969457672176319 -0.033240934448781803 0.19847768694778767 0.0024861342903804485 0.00084151600391138006 -0.011641089382085745 0.0071113392515670176 -0.0047455260080056412 0.025134295150783539 -0.0032356868934613203 -0.072623627307642741
leaf_weight=52 34 28 47 37 31 27 22 36 26 21 50 34 49 25
leaf_count=52 34 28 47 37 31 27 22 36 26 21 50 34 49 25
internal_value=-9.61538e-05 -0.00863636 -0.0190789 0.00218978 0.000668449 0.00204082 0.017 -0.000510204 -0.00309917 -0.00115741 -0.00410256 -0.000689655 0.0077381 -0.0120968
internal_weight=519 109 75 410 373 342 49 293 241 215 194 144 83 61
internal_count=519 109 75 410 373 342 49 293 241 215 194 144 83 61
is_linear=0
shrinkage=0.05


Tree=111
num_leaves=15
num_cat=0
split_feature=17 19 19 18 23 23 21 24 10 12 7 9 19 19
split_gain=4.02703 4.08498 6.68538 4.20893 3.49476 4.30565 3.0995 3.10624 4.07564 2.42476 2.67345 4.24885 5.52211 3.08779
threshold=29.625000000000004 1.0724887112147161 1.0528115159694109 0.74935995903737862 23.250000000000004 24.700000000000006 1.0000000180025095e-35 7.5188644930363164 43.500000000000007 31.500000000000004 32.500000000000007 35.500000000000007 0.94495955017499578 1.0081858334805243
decision_type=2 2 2 2 2 2 2 2 2 2 2 2 2 2
left_child=-1 2 3 -2 -5 -6 7 9 -9 -7 -11 -12 -13 -14
right_child=1 -3 -4 4 5 6 -8 8 -10 10 11 12 13 -15
leaf_value=-0.039666766483338382 0.012392323965313867 -0.02081536612935473 0.097572308063816504 0.034719091063555751 -0.027063082098510452 -0.028561819957286974 0.00815152021530814 -0.015095579655924408 -0.034597702083053149 0.010122893808630452 -0.0090540775825616038 -0.0092087796288613088 0.0086849148300970572 -0.0046539265092231828
leaf_weight=34 20 33 29 23 22 30 29 22 29 23 38 20 85 72
leaf_count=34 20 33 29 23 22 30 29 22 29 23 38 20 85 72
internal_value=-0.00362745 -0.00241597 -0.00112867 -0.00277778 -0.00393401 -0.00512129 -0.00372493 -0.00515625 -0.0163462 -0.00297398 -0.00125523 -0.00300926 0.000280899 0.00348101
internal_weight=509 475 442 413 393 370 348 319 51 268 238 215 177 157
internal_count=509 475 442 413 393 370 348 319 51 268 238 215 177 157
is_linear=0
shrinkage=0.05


Tree=112
num_leaves=15
num_cat=0
split_feature=21 18 8 23 12 9 7 19 19 15 8 4 14 10
split_gain=4.18162 4.70071 6.9418 5.27473 4.48214 3.92322 3.75091 2.18391 5.9663 3.42913 2.79341 2.7489 2.94211 4.66412
threshold=1.0000000180025095e-35 0.84615210625361914 82.500000000000014 32.550000000000004 42.500000000000007 92.500000000000014 96.500000000000014 0.98053072949461362 0.96909880198679221 16.006694872333593 36.500000000000007 26.500000000000004 65.607142857142875 44.500000000000007
decision_type=2 2 2 2 2 2 2 2 2 2 2 2 2 2
left_child=1 2 3 -1 -2 6 7 8 10 11 -3 12 13 -9
right_child=4 5 -4 -5 -6 -7 -8 9 -10 -11 -12 -13 -14 -15
leaf_value=-0.00057895050741674225 0.029788718064193989 -0.020219017292774047 -0.025941735509294617 0.014365910015009576 -0.0056101843713772586 0.045068192689353741 -0.10118620458505562 -0.027202496748963068 0.01634861685717821 0.035855596318644878 0.00035490382309468773 0.0003160983944544782 -0.097274956061482953 0.022672873437948129
leaf_weight=30 23 44 26 34 20 51 20 96 22 20 42 38 23 22
leaf_count=30 23 44 26 34 20 51 20 96 22 20 42 38 23 22
internal_value=-0.00224609 -0.00362473 0.00659341 0.0153846 0.0125 -0.0060686 -0.00807927 -0.00665584 -0.000917431 -0.00975 -0.00689655 -0.0119444 -0.0151408 -0.0117647
internal_weight=511 468 90 64 43 378 327 307 108 199 86 179 141 118
internal_count=511 468 90 64 43 378 327 307 108 199 86 179 141 118
is_linear=0
shrinkage=0.05


Tree=113
num_leaves=15
num_cat=0
split_feature=5 17 7 4 17 14 12 4 11 15 14 4 18 18
split_gain=16.1787 9.86556 7.85392 4.6845 5.6748 8.76725 7.46872 7.21315 3.61912 3.37941 3.69359 3.14755 5.29457 2.61905
threshold=1.0000000180025095e-35 30.375000000000004 31.500000000000004 8.5000000000000018 45.750000000000007 38.107142857142868 56.500000000000007 24.500000000000004 35.500000000000007 13.343184981114883 41.321428571428577 26.500000000000004 0.950114761415773 1.0511552300052533
decision_type=2 2 2 2 2 2 2 2 2 2 2 2 2 2
left_child=1 -1 8 9 5 7 -6 13 -3 10 -4 12 -8 -5
right_child=-2 2 3 4 6 -7 11 -9 -10 -11 -12 -13 -14 -15
leaf_value=-0.065711399099546416 0.31032715920573345 0.017735154910594009 0.0012964289765562853 0.0049415335265248217 0.0066531340002320867 -0.0092550382053357087 0.00093561494640397318 0.023270819328624806 0.0036382410485714446 -0.012145523553879479 0.037080170590638062 0.04281478305488591 -0.052049784229816258 -0.055916724333165219
leaf_weight=33 20 24 33 20 44 59 41 22 27 38 33 27 57 21
leaf_count=33 20 24 33 20 44 59 41 22 27 38 33 27 57 21
internal_value=-0.0001 -0.00197917 0 -0.00239899 -0.00565068 -0.0138211 0.000294118 -0.00078125 0.0182692 0.00666667 0.0134328 -0.00595238 -0.010101 -0.0130952
internal_weight=499 479 446 395 291 122 169 63 51 104 66 125 98 41
internal_count=499 479 446 395 291 122 169 63 51 104 66 125 98 41
is_linear=0
shrinkage=0.05


end of trees

feature_importances:
roll_mean_same_dow_4=128
roll7_div_roll14=108
lag_1_div_roll7=101
roll_std_7=99
day_of_month=96
lag_28=96
rainfall=90
lag_7=88
roll_mean_7=88
days_since_start=84
lag_1=81
temperature=76
lag_2=72
lag_14=66
lag_21=61
roll_mean_14=53
is_weekend=31
promotion=29
roll_max_7=28
day_of_week_num=16
rain_flag=16
price=12
month=3
holiday=2

parameters:
[boosting: gbdt]
[objective: regression_l1]
[metric: l1]
[tree_learner: serial]
[device_type: cpu]
[data_sample_strategy: bagging]
[data: ]
[valid: ]
[num_iterations: 800]
[learning_rate: 0.05]
[num_leaves: 15]
[num_threads: 0]
[seed: 42]
[deterministic: 0]
[force_col_wise: 0]
[force_row_wise: 0]
[histogram_pool_size: -1]
[max_depth: -1]
[min_data_in_leaf: 20]
[min_sum_hessian_in_leaf: 0.001]
[bagging_fraction: 0.85]
[pos_bagging_fraction: 1]
[neg_bagging_fraction: 1]
[bagging_freq: 1]
[bagging_seed: 400]
[bagging_by_query: 0]
[feature_fraction: 0.85]
[feature_fraction_bynode: 1]
[feature_fraction_seed: 30056]
[extra_trees: 0]
[extra_seed: 12879]
[early_stopping_round: 0]
[early_stopping_min_delta: 0]
[first_metric_only: 0]
[max_delta_step: 0]
[lambda_l1: 0]
[lambda_l2: 1]
[linear_lambda: 0]
[min_gain_to_split: 0]
[drop_rate: 0.1]
[max_drop: 50]
[skip_drop: 0.5]
[xgboost_dart_mode: 0]
[uniform_drop: 0]
[drop_seed: 17869]
[top_rate: 0.2]
[other_rate: 0.1]
[min_data_per_group: 100]
[max_cat_threshold: 32]
[cat_l2: 10]
[cat_smooth: 10]
[max_cat_to_onehot: 4]
[top_k: 20]
[monotone_constraints: ]
[monotone_constraints_method: basic]
[monotone_penalty: 0]
[feature_contri: ]
[forcedsplits_filename: ]
[refit_decay_rate: 0.9]
[cegb_tradeoff: 1]
[cegb_penalty_split: 0]
[cegb_penalty_feature_lazy: ]
[cegb_penalty_feature_coupled: ]
[path_smooth: 0]
[interaction_constraints: ]
[verbosity: -1]
[saved_feature_importance_type: 0]
[use_quantized_grad: 0]
[num_grad_quant_bins: 4]
[quant_train_renew_leaf: 0]
[stochastic_rounding: 1]
[linear_tree: 0]
[max_bin: 255]
[max_bin_by_feature: ]
[min_data_in_bin: 3]
[bin_construct_sample_cnt: 200000]
[data_random_seed: 175]
[is_enable_sparse: 1]
[enable_bundle: 1]
[use_missing: 1]
[zero_as_missing: 0]
[feature_pre_filter: 1]
[pre_partition: 0]
[two_round: 0]
[header: 0]
[label_column: ]
[weight_column: ]
[group_column: ]
[ignore_column: ]
[categorical_feature: 0,1]
[forcedbins_filename: ]
[precise_float_parser: 0]
[parser_config_file: ]
[objective_seed: 16083]
[num_class: 1]
[is_unbalance: 0]
[scale_pos_weight: 1]
[sigmoid: 1]
[boost_from_average: 1]
[reg_sqrt: 0]
[alpha: 0.9]
[fair_c: 1]
[poisson_max_delta_step: 0.7]
[tweedie_variance_power: 1.5]
[lambdarank_truncation_level: 30]
[lambdarank_norm: 1]
[label_gain: ]
[lambdarank_position_bias_regularization: 0]
[eval_at: ]
[multi_error_top_k: 1]
[auc_mu_weights: ]
[num_machines: 1]
[local_listen_port: 12400]
[time_out: 120]
[machine_list_filename: ]
[machines: ]
[gpu_platform_id: -1]
[gpu_device_id: -1]
[gpu_use_dp: 0]
[num_gpu: 1]

end of parameters

pandas_categorical:[["D01", "D02", "D03", "D04", "D05"], [0, 1, 2, 3, 4, 5, 6]]
